label,tf,day_idx,dow,time_utc,contact_capacity,contact_demand,contact_served
initial,0,0,Mon,00:00,66,0,0
initial,1,0,Mon,00:05,66,0,0
initial,2,0,Mon,00:10,66,0,0
initial,3,0,Mon,00:15,66,0,0
initial,4,0,Mon,00:20,66,0,0
initial,5,0,Mon,00:25,66,0,0
initial,6,0,Mon,00:30,66,0,0
initial,7,0,Mon,00:35,66,0,0
initial,8,0,Mon,00:40,66,0,0
initial,9,0,Mon,00:45,66,0,0
initial,10,0,Mon,00:50,66,0,0
initial,11,0,Mon,00:55,66,0,0
initial,12,0,Mon,01:00,66,0,0
initial,13,0,Mon,01:05,66,0,0
initial,14,0,Mon,01:10,66,0,0
initial,15,0,Mon,01:15,66,0,0
initial,16,0,Mon,01:20,66,0,0
initial,17,0,Mon,01:25,66,0,0
initial,18,0,Mon,01:30,66,0,0
initial,19,0,Mon,01:35,66,0,0
initial,20,0,Mon,01:40,66,0,0
initial,21,0,Mon,01:45,66,0,0
initial,22,0,Mon,01:50,66,0,0
initial,23,0,Mon,01:55,66,1,1
initial,24,0,Mon,02:00,66,1,1
initial,25,0,Mon,02:05,66,1,1
initial,26,0,Mon,02:10,66,1,1
initial,27,0,Mon,02:15,66,1,1
initial,28,0,Mon,02:20,66,1,1
initial,29,0,Mon,02:25,66,1,1
initial,30,0,Mon,02:30,66,1,1
initial,31,0,Mon,02:35,66,1,1
initial,32,0,Mon,02:40,66,2,2
initial,33,0,Mon,02:45,66,2,2
initial,34,0,Mon,02:50,66,2,2
initial,35,0,Mon,02:55,66,2,2
initial,36,0,Mon,03:00,66,3,3
initial,37,0,Mon,03:05,66,3,3
initial,38,0,Mon,03:10,66,3,3
initial,39,0,Mon,03:15,66,3,3
initial,40,0,Mon,03:20,66,3,3
initial,41,0,Mon,03:25,66,3,3
initial,42,0,Mon,03:30,66,3,3
initial,43,0,Mon,03:35,66,3,3
initial,44,0,Mon,03:40,66,3,3
initial,45,0,Mon,03:45,66,3,3
initial,46,0,Mon,03:50,66,3,3
initial,47,0,Mon,03:55,66,4,4
initial,48,0,Mon,04:00,66,4,4
initial,49,0,Mon,04:05,66,4,4
initial,50,0,Mon,04:10,66,4,4
initial,51,0,Mon,04:15,66,4,4
initial,52,0,Mon,04:20,66,4,4
initial,53,0,Mon,04:25,66,4,4
initial,54,0,Mon,04:30,66,4,4
initial,55,0,Mon,04:35,66,4,4
initial,56,0,Mon,04:40,66,4,4
initial,57,0,Mon,04:45,66,4,4
initial,58,0,Mon,04:50,66,4,4
initial,59,0,Mon,04:55,66,4,4
initial,60,0,Mon,05:00,66,4,4
initial,61,0,Mon,05:05,66,4,4
initial,62,0,Mon,05:10,66,4,4
initial,63,0,Mon,05:15,66,4,4
initial,64,0,Mon,05:20,66,4,4
initial,65,0,Mon,05:25,66,4,4
initial,66,0,Mon,05:30,66,4,4
initial,67,0,Mon,05:35,66,3,3
initial,68,0,Mon,05:40,66,3,3
initial,69,0,Mon,05:45,66,3,3
initial,70,0,Mon,05:50,66,3,3
initial,71,0,Mon,05:55,66,3,3
initial,72,0,Mon,06:00,66,3,3
initial,73,0,Mon,06:05,66,3,3
initial,74,0,Mon,06:10,66,3,3
initial,75,0,Mon,06:15,66,2,2
initial,76,0,Mon,06:20,66,2,2
initial,77,0,Mon,06:25,66,2,2
initial,78,0,Mon,06:30,66,2,2
initial,79,0,Mon,06:35,66,2,2
initial,80,0,Mon,06:40,66,2,2
initial,81,0,Mon,06:45,66,2,2
initial,82,0,Mon,06:50,66,2,2
initial,83,0,Mon,06:55,66,2,2
initial,84,0,Mon,07:00,66,2,2
initial,85,0,Mon,07:05,66,2,2
initial,86,0,Mon,07:10,66,2,2
initial,87,0,Mon,07:15,66,2,2
initial,88,0,Mon,07:20,66,2,2
initial,89,0,Mon,07:25,66,3,3
initial,90,0,Mon,07:30,66,3,3
initial,91,0,Mon,07:35,66,4,4
initial,92,0,Mon,07:40,66,4,4
initial,93,0,Mon,07:45,66,5,5
initial,94,0,Mon,07:50,66,5,5
initial,95,0,Mon,07:55,66,6,6
initial,96,0,Mon,08:00,66,6,6
initial,97,0,Mon,08:05,66,6,6
initial,98,0,Mon,08:10,66,6,6
initial,99,0,Mon,08:15,66,7,7
initial,100,0,Mon,08:20,66,8,8
initial,101,0,Mon,08:25,66,9,9
initial,102,0,Mon,08:30,66,9,9
initial,103,0,Mon,08:35,66,10,10
initial,104,0,Mon,08:40,66,10,10
initial,105,0,Mon,08:45,66,11,11
initial,106,0,Mon,08:50,66,12,12
initial,107,0,Mon,08:55,66,16,16
initial,108,0,Mon,09:00,66,20,20
initial,109,0,Mon,09:05,66,20,20
initial,110,0,Mon,09:10,66,21,21
initial,111,0,Mon,09:15,66,21,21
initial,112,0,Mon,09:20,66,22,22
initial,113,0,Mon,09:25,66,22,22
initial,114,0,Mon,09:30,66,22,22
initial,115,0,Mon,09:35,66,22,22
initial,116,0,Mon,09:40,66,22,22
initial,117,0,Mon,09:45,66,23,23
initial,118,0,Mon,09:50,66,23,23
initial,119,0,Mon,09:55,66,23,23
initial,120,0,Mon,10:00,66,23,23
initial,121,0,Mon,10:05,66,23,23
initial,122,0,Mon,10:10,66,23,23
initial,123,0,Mon,10:15,66,23,23
initial,124,0,Mon,10:20,66,23,23
initial,125,0,Mon,10:25,66,20,20
initial,126,0,Mon,10:30,66,19,19
initial,127,0,Mon,10:35,66,18,18
initial,128,0,Mon,10:40,66,19,19
initial,129,0,Mon,10:45,66,19,19
initial,130,0,Mon,10:50,66,18,18
initial,131,0,Mon,10:55,66,17,17
initial,132,0,Mon,11:00,66,15,15
initial,133,0,Mon,11:05,66,14,14
initial,134,0,Mon,11:10,66,14,14
initial,135,0,Mon,11:15,66,14,14
initial,136,0,Mon,11:20,66,13,13
initial,137,0,Mon,11:25,66,12,12
initial,138,0,Mon,11:30,66,12,12
initial,139,0,Mon,11:35,66,12,12
initial,140,0,Mon,11:40,66,12,12
initial,141,0,Mon,11:45,66,11,11
initial,142,0,Mon,11:50,66,11,11
initial,143,0,Mon,11:55,66,11,11
initial,144,0,Mon,12:00,66,10,10
initial,145,0,Mon,12:05,66,10,10
initial,146,0,Mon,12:10,66,9,8
initial,147,0,Mon,12:15,66,9,8
initial,148,0,Mon,12:20,66,9,8
initial,149,0,Mon,12:25,66,9,8
initial,150,0,Mon,12:30,66,9,8
initial,151,0,Mon,12:35,66,9,8
initial,152,0,Mon,12:40,66,9,8
initial,153,0,Mon,12:45,66,7,6
initial,154,0,Mon,12:50,66,7,6
initial,155,0,Mon,12:55,66,7,6
initial,156,0,Mon,13:00,66,6,5
initial,157,0,Mon,13:05,66,6,5
initial,158,0,Mon,13:10,66,6,5
initial,159,0,Mon,13:15,66,6,5
initial,160,0,Mon,13:20,66,6,5
initial,161,0,Mon,13:25,66,6,5
initial,162,0,Mon,13:30,66,7,6
initial,163,0,Mon,13:35,66,8,7
initial,164,0,Mon,13:40,66,8,7
initial,165,0,Mon,13:45,66,8,7
initial,166,0,Mon,13:50,66,8,7
initial,167,0,Mon,13:55,66,8,7
initial,168,0,Mon,14:00,66,7,6
initial,169,0,Mon,14:05,66,7,6
initial,170,0,Mon,14:10,66,7,6
initial,171,0,Mon,14:15,66,7,6
initial,172,0,Mon,14:20,66,7,6
initial,173,0,Mon,14:25,66,8,7
initial,174,0,Mon,14:30,66,9,8
initial,175,0,Mon,14:35,66,9,8
initial,176,0,Mon,14:40,66,9,8
initial,177,0,Mon,14:45,66,9,8
initial,178,0,Mon,14:50,66,9,8
initial,179,0,Mon,14:55,66,9,8
initial,180,0,Mon,15:00,66,8,7
initial,181,0,Mon,15:05,66,8,6
initial,182,0,Mon,15:10,66,8,6
initial,183,0,Mon,15:15,66,9,7
initial,184,0,Mon,15:20,66,9,7
initial,185,0,Mon,15:25,66,10,8
initial,186,0,Mon,15:30,66,10,8
initial,187,0,Mon,15:35,66,11,9
initial,188,0,Mon,15:40,66,12,10
initial,189,0,Mon,15:45,66,13,11
initial,190,0,Mon,15:50,66,13,11
initial,191,0,Mon,15:55,66,13,11
initial,192,0,Mon,16:00,66,16,14
initial,193,0,Mon,16:05,66,16,14
initial,194,0,Mon,16:10,66,18,16
initial,195,0,Mon,16:15,66,19,17
initial,196,0,Mon,16:20,66,20,18
initial,197,0,Mon,16:25,66,21,19
initial,198,0,Mon,16:30,66,22,20
initial,199,0,Mon,16:35,66,22,20
initial,200,0,Mon,16:40,66,22,20
initial,201,0,Mon,16:45,66,22,20
initial,202,0,Mon,16:50,66,22,20
initial,203,0,Mon,16:55,66,22,20
initial,204,0,Mon,17:00,66,23,20
initial,205,0,Mon,17:05,66,21,18
initial,206,0,Mon,17:10,66,21,17
initial,207,0,Mon,17:15,66,23,19
initial,208,0,Mon,17:20,66,23,19
initial,209,0,Mon,17:25,66,23,19
initial,210,0,Mon,17:30,66,22,18
initial,211,0,Mon,17:35,66,22,18
initial,212,0,Mon,17:40,66,22,17
initial,213,0,Mon,17:45,66,21,16
initial,214,0,Mon,17:50,66,20,15
initial,215,0,Mon,17:55,66,20,15
initial,216,0,Mon,18:00,66,21,16
initial,217,0,Mon,18:05,66,21,16
initial,218,0,Mon,18:10,66,22,17
initial,219,0,Mon,18:15,66,22,17
initial,220,0,Mon,18:20,66,22,17
initial,221,0,Mon,18:25,66,22,17
initial,222,0,Mon,18:30,66,23,18
initial,223,0,Mon,18:35,66,23,18
initial,224,0,Mon,18:40,66,24,19
initial,225,0,Mon,18:45,66,24,19
initial,226,0,Mon,18:50,66,25,20
initial,227,0,Mon,18:55,66,26,21
initial,228,0,Mon,19:00,66,30,25
initial,229,0,Mon,19:05,66,31,26
initial,230,0,Mon,19:10,66,31,26
initial,231,0,Mon,19:15,66,31,26
initial,232,0,Mon,19:20,66,33,28
initial,233,0,Mon,19:25,66,34,29
initial,234,0,Mon,19:30,66,36,31
initial,235,0,Mon,19:35,66,37,32
initial,236,0,Mon,19:40,66,40,35
initial,237,0,Mon,19:45,66,43,38
initial,238,0,Mon,19:50,66,45,40
initial,239,0,Mon,19:55,66,48,43
initial,240,0,Mon,20:00,66,48,43
initial,241,0,Mon,20:05,66,51,46
initial,242,0,Mon,20:10,66,57,52
initial,243,0,Mon,20:15,66,57,51
initial,244,0,Mon,20:20,66,59,53
initial,245,0,Mon,20:25,66,60,53
initial,246,0,Mon,20:30,66,63,54
initial,247,0,Mon,20:35,66,67,57
initial,248,0,Mon,20:40,66,69,58
initial,249,0,Mon,20:45,66,73,62
initial,250,0,Mon,20:50,66,75,64
initial,251,0,Mon,20:55,66,77,66
initial,252,0,Mon,21:00,66,79,66
initial,253,0,Mon,21:05,66,79,65
initial,254,0,Mon,21:10,66,81,66
initial,255,0,Mon,21:15,66,82,66
initial,256,0,Mon,21:20,66,81,65
initial,257,0,Mon,21:25,66,81,65
initial,258,0,Mon,21:30,66,81,65
initial,259,0,Mon,21:35,66,81,64
initial,260,0,Mon,21:40,66,81,63
initial,261,0,Mon,21:45,66,81,63
initial,262,0,Mon,21:50,66,81,63
initial,263,0,Mon,21:55,66,80,62
initial,264,0,Mon,22:00,66,77,57
initial,265,0,Mon,22:05,66,75,55
initial,266,0,Mon,22:10,66,74,54
initial,267,0,Mon,22:15,66,71,51
initial,268,0,Mon,22:20,66,68,48
initial,269,0,Mon,22:25,66,68,48
initial,270,0,Mon,22:30,66,64,44
initial,271,0,Mon,22:35,66,62,42
initial,272,0,Mon,22:40,66,61,41
initial,273,0,Mon,22:45,66,60,40
initial,274,0,Mon,22:50,66,57,37
initial,275,0,Mon,22:55,66,57,37
initial,276,0,Mon,23:00,66,56,36
initial,277,0,Mon,23:05,66,56,36
initial,278,0,Mon,23:10,66,53,33
initial,279,0,Mon,23:15,66,52,32
initial,280,0,Mon,23:20,66,49,29
initial,281,0,Mon,23:25,66,48,28
initial,282,0,Mon,23:30,66,46,26
initial,283,0,Mon,23:35,66,46,26
initial,284,0,Mon,23:40,66,45,25
initial,285,0,Mon,23:45,66,45,25
initial,286,0,Mon,23:50,66,43,23
initial,287,0,Mon,23:55,66,42,22
initial,288,1,Tue,00:00,66,41,21
initial,289,1,Tue,00:05,66,41,21
initial,290,1,Tue,00:10,66,41,21
initial,291,1,Tue,00:15,66,41,21
initial,292,1,Tue,00:20,66,41,21
initial,293,1,Tue,00:25,66,44,24
initial,294,1,Tue,00:30,66,48,28
initial,295,1,Tue,00:35,66,50,30
initial,296,1,Tue,00:40,66,51,31
initial,297,1,Tue,00:45,66,53,33
initial,298,1,Tue,00:50,66,55,35
initial,299,1,Tue,00:55,66,55,35
initial,300,1,Tue,01:00,66,57,37
initial,301,1,Tue,01:05,66,60,40
initial,302,1,Tue,01:10,66,60,40
initial,303,1,Tue,01:15,66,63,42
initial,304,1,Tue,01:20,66,64,43
initial,305,1,Tue,01:25,66,66,45
initial,306,1,Tue,01:30,66,67,46
initial,307,1,Tue,01:35,66,68,46
initial,308,1,Tue,01:40,66,70,48
initial,309,1,Tue,01:45,66,72,50
initial,310,1,Tue,01:50,66,75,53
initial,311,1,Tue,01:55,66,78,53
initial,312,1,Tue,02:00,66,80,54
initial,313,1,Tue,02:05,66,80,53
initial,314,1,Tue,02:10,66,81,54
initial,315,1,Tue,02:15,66,83,55
initial,316,1,Tue,02:20,66,85,57
initial,317,1,Tue,02:25,66,86,57
initial,318,1,Tue,02:30,66,87,58
initial,319,1,Tue,02:35,66,87,57
initial,320,1,Tue,02:40,66,91,61
initial,321,1,Tue,02:45,66,91,61
initial,322,1,Tue,02:50,66,96,65
initial,323,1,Tue,02:55,66,96,65
initial,324,1,Tue,03:00,66,97,66
initial,325,1,Tue,03:05,66,99,66
initial,326,1,Tue,03:10,66,99,65
initial,327,1,Tue,03:15,66,101,66
initial,328,1,Tue,03:20,66,101,66
initial,329,1,Tue,03:25,66,98,63
initial,330,1,Tue,03:30,66,97,63
initial,331,1,Tue,03:35,66,96,62
initial,332,1,Tue,03:40,66,94,62
initial,333,1,Tue,03:45,66,91,59
initial,334,1,Tue,03:50,66,89,57
initial,335,1,Tue,03:55,66,89,58
initial,336,1,Tue,04:00,66,86,56
initial,337,1,Tue,04:05,66,88,58
initial,338,1,Tue,04:10,66,87,57
initial,339,1,Tue,04:15,66,86,56
initial,340,1,Tue,04:20,66,83,54
initial,341,1,Tue,04:25,66,83,54
initial,342,1,Tue,04:30,66,81,53
initial,343,1,Tue,04:35,66,81,55
initial,344,1,Tue,04:40,66,77,52
initial,345,1,Tue,04:45,66,74,51
initial,346,1,Tue,04:50,66,72,49
initial,347,1,Tue,04:55,66,69,47
initial,348,1,Tue,05:00,66,68,46
initial,349,1,Tue,05:05,66,66,46
initial,350,1,Tue,05:10,66,63,44
initial,351,1,Tue,05:15,66,62,43
initial,352,1,Tue,05:20,66,62,43
initial,353,1,Tue,05:25,66,60,42
initial,354,1,Tue,05:30,66,58,41
initial,355,1,Tue,05:35,66,56,40
initial,356,1,Tue,05:40,66,53,38
initial,357,1,Tue,05:45,66,51,36
initial,358,1,Tue,05:50,66,49,34
initial,359,1,Tue,05:55,66,47,32
initial,360,1,Tue,06:00,66,45,30
initial,361,1,Tue,06:05,66,44,29
initial,362,1,Tue,06:10,66,43,28
initial,363,1,Tue,06:15,66,40,25
initial,364,1,Tue,06:20,66,40,25
initial,365,1,Tue,06:25,66,36,22
initial,366,1,Tue,06:30,66,35,22
initial,367,1,Tue,06:35,66,33,20
initial,368,1,Tue,06:40,66,31,18
initial,369,1,Tue,06:45,66,30,17
initial,370,1,Tue,06:50,66,28,15
initial,371,1,Tue,06:55,66,28,15
initial,372,1,Tue,07:00,66,27,14
initial,373,1,Tue,07:05,66,27,14
initial,374,1,Tue,07:10,66,27,14
initial,375,1,Tue,07:15,66,27,14
initial,376,1,Tue,07:20,66,27,14
initial,377,1,Tue,07:25,66,26,13
initial,378,1,Tue,07:30,66,26,13
initial,379,1,Tue,07:35,66,28,15
initial,380,1,Tue,07:40,66,28,15
initial,381,1,Tue,07:45,66,29,16
initial,382,1,Tue,07:50,66,29,16
initial,383,1,Tue,07:55,66,30,17
initial,384,1,Tue,08:00,66,30,17
initial,385,1,Tue,08:05,66,31,18
initial,386,1,Tue,08:10,66,31,18
initial,387,1,Tue,08:15,66,33,20
initial,388,1,Tue,08:20,66,34,21
initial,389,1,Tue,08:25,66,35,22
initial,390,1,Tue,08:30,66,35,22
initial,391,1,Tue,08:35,66,37,24
initial,392,1,Tue,08:40,66,37,24
initial,393,1,Tue,08:45,66,38,25
initial,394,1,Tue,08:50,66,39,26
initial,395,1,Tue,08:55,66,43,30
initial,396,1,Tue,09:00,66,46,33
initial,397,1,Tue,09:05,66,48,34
initial,398,1,Tue,09:10,66,49,35
initial,399,1,Tue,09:15,66,50,36
initial,400,1,Tue,09:20,66,51,37
initial,401,1,Tue,09:25,66,52,39
initial,402,1,Tue,09:30,66,52,39
initial,403,1,Tue,09:35,66,52,39
initial,404,1,Tue,09:40,66,53,40
initial,405,1,Tue,09:45,66,52,39
initial,406,1,Tue,09:50,66,52,39
initial,407,1,Tue,09:55,66,51,38
initial,408,1,Tue,10:00,66,50,37
initial,409,1,Tue,10:05,66,49,37
initial,410,1,Tue,10:10,66,49,37
initial,411,1,Tue,10:15,66,49,38
initial,412,1,Tue,10:20,66,49,39
initial,413,1,Tue,10:25,66,45,35
initial,414,1,Tue,10:30,66,42,32
initial,415,1,Tue,10:35,66,40,30
initial,416,1,Tue,10:40,66,40,30
initial,417,1,Tue,10:45,66,40,31
initial,418,1,Tue,10:50,66,39,29
initial,419,1,Tue,10:55,66,38,29
initial,420,1,Tue,11:00,66,36,28
initial,421,1,Tue,11:05,66,35,27
initial,422,1,Tue,11:10,66,34,26
initial,423,1,Tue,11:15,66,33,25
initial,424,1,Tue,11:20,66,31,23
initial,425,1,Tue,11:25,66,30,22
initial,426,1,Tue,11:30,66,30,22
initial,427,1,Tue,11:35,66,29,21
initial,428,1,Tue,11:40,66,29,21
initial,429,1,Tue,11:45,66,26,18
initial,430,1,Tue,11:50,66,26,18
initial,431,1,Tue,11:55,66,25,17
initial,432,1,Tue,12:00,66,24,16
initial,433,1,Tue,12:05,66,24,16
initial,434,1,Tue,12:10,66,23,15
initial,435,1,Tue,12:15,66,23,15
initial,436,1,Tue,12:20,66,22,14
initial,437,1,Tue,12:25,66,22,14
initial,438,1,Tue,12:30,66,22,14
initial,439,1,Tue,12:35,66,22,14
initial,440,1,Tue,12:40,66,22,14
initial,441,1,Tue,12:45,66,20,12
initial,442,1,Tue,12:50,66,20,12
initial,443,1,Tue,12:55,66,20,12
initial,444,1,Tue,13:00,66,19,11
initial,445,1,Tue,13:05,66,19,11
initial,446,1,Tue,13:10,66,19,11
initial,447,1,Tue,13:15,66,19,11
initial,448,1,Tue,13:20,66,19,11
initial,449,1,Tue,13:25,66,18,10
initial,450,1,Tue,13:30,66,19,11
initial,451,1,Tue,13:35,66,20,12
initial,452,1,Tue,13:40,66,20,12
initial,453,1,Tue,13:45,66,20,12
initial,454,1,Tue,13:50,66,20,12
initial,455,1,Tue,13:55,66,20,12
initial,456,1,Tue,14:00,66,20,12
initial,457,1,Tue,14:05,66,20,12
initial,458,1,Tue,14:10,66,20,12
initial,459,1,Tue,14:15,66,20,12
initial,460,1,Tue,14:20,66,20,12
initial,461,1,Tue,14:25,66,21,13
initial,462,1,Tue,14:30,66,22,14
initial,463,1,Tue,14:35,66,22,14
initial,464,1,Tue,14:40,66,22,14
initial,465,1,Tue,14:45,66,22,14
initial,466,1,Tue,14:50,66,22,14
initial,467,1,Tue,14:55,66,22,14
initial,468,1,Tue,15:00,66,21,13
initial,469,1,Tue,15:05,66,21,12
initial,470,1,Tue,15:10,66,21,12
initial,471,1,Tue,15:15,66,22,13
initial,472,1,Tue,15:20,66,22,13
initial,473,1,Tue,15:25,66,24,14
initial,474,1,Tue,15:30,66,24,14
initial,475,1,Tue,15:35,66,26,16
initial,476,1,Tue,15:40,66,26,16
initial,477,1,Tue,15:45,66,26,16
initial,478,1,Tue,15:50,66,26,16
initial,479,1,Tue,15:55,66,26,16
initial,480,1,Tue,16:00,66,30,20
initial,481,1,Tue,16:05,66,30,20
initial,482,1,Tue,16:10,66,32,22
initial,483,1,Tue,16:15,66,33,23
initial,484,1,Tue,16:20,66,35,25
initial,485,1,Tue,16:25,66,36,27
initial,486,1,Tue,16:30,66,36,27
initial,487,1,Tue,16:35,66,36,27
initial,488,1,Tue,16:40,66,37,29
initial,489,1,Tue,16:45,66,37,29
initial,490,1,Tue,16:50,66,36,29
initial,491,1,Tue,16:55,66,34,27
initial,492,1,Tue,17:00,66,33,26
initial,493,1,Tue,17:05,66,33,25
initial,494,1,Tue,17:10,66,33,25
initial,495,1,Tue,17:15,66,32,24
initial,496,1,Tue,17:20,66,32,24
initial,497,1,Tue,17:25,66,30,22
initial,498,1,Tue,17:30,66,29,21
initial,499,1,Tue,17:35,66,29,21
initial,500,1,Tue,17:40,66,25,16
initial,501,1,Tue,17:45,66,25,16
initial,502,1,Tue,17:50,66,25,16
initial,503,1,Tue,17:55,66,24,15
initial,504,1,Tue,18:00,66,26,17
initial,505,1,Tue,18:05,66,26,17
initial,506,1,Tue,18:10,66,27,18
initial,507,1,Tue,18:15,66,27,18
initial,508,1,Tue,18:20,66,27,18
initial,509,1,Tue,18:25,66,27,18
initial,510,1,Tue,18:30,66,28,18
initial,511,1,Tue,18:35,66,28,18
initial,512,1,Tue,18:40,66,29,19
initial,513,1,Tue,18:45,66,30,20
initial,514,1,Tue,18:50,66,30,20
initial,515,1,Tue,18:55,66,30,20
initial,516,1,Tue,19:00,66,35,24
initial,517,1,Tue,19:05,66,36,25
initial,518,1,Tue,19:10,66,36,25
initial,519,1,Tue,19:15,66,36,25
initial,520,1,Tue,19:20,66,38,27
initial,521,1,Tue,19:25,66,39,28
initial,522,1,Tue,19:30,66,42,31
initial,523,1,Tue,19:35,66,43,32
initial,524,1,Tue,19:40,66,46,35
initial,525,1,Tue,19:45,66,49,38
initial,526,1,Tue,19:50,66,51,40
initial,527,1,Tue,19:55,66,54,43
initial,528,1,Tue,20:00,66,54,43
initial,529,1,Tue,20:05,66,57,44
initial,530,1,Tue,20:10,66,61,47
initial,531,1,Tue,20:15,66,61,46
initial,532,1,Tue,20:20,66,64,49
initial,533,1,Tue,20:25,66,65,50
initial,534,1,Tue,20:30,66,70,53
initial,535,1,Tue,20:35,66,73,55
initial,536,1,Tue,20:40,66,75,57
initial,537,1,Tue,20:45,66,79,61
initial,538,1,Tue,20:50,66,80,62
initial,539,1,Tue,20:55,66,82,63
initial,540,1,Tue,21:00,66,83,64
initial,541,1,Tue,21:05,66,83,64
initial,542,1,Tue,21:10,66,85,65
initial,543,1,Tue,21:15,66,87,66
initial,544,1,Tue,21:20,66,87,66
initial,545,1,Tue,21:25,66,87,65
initial,546,1,Tue,21:30,66,87,65
initial,547,1,Tue,21:35,66,87,65
initial,548,1,Tue,21:40,66,87,64
initial,549,1,Tue,21:45,66,87,64
initial,550,1,Tue,21:50,66,86,64
initial,551,1,Tue,21:55,66,86,64
initial,552,1,Tue,22:00,66,85,63
initial,553,1,Tue,22:05,66,83,61
initial,554,1,Tue,22:10,66,82,61
initial,555,1,Tue,22:15,66,77,56
initial,556,1,Tue,22:20,66,74,54
initial,557,1,Tue,22:25,66,74,54
initial,558,1,Tue,22:30,66,70,50
initial,559,1,Tue,22:35,66,68,48
initial,560,1,Tue,22:40,66,66,46
initial,561,1,Tue,22:45,66,65,45
initial,562,1,Tue,22:50,66,62,42
initial,563,1,Tue,22:55,66,62,42
initial,564,1,Tue,23:00,66,61,41
initial,565,1,Tue,23:05,66,61,41
initial,566,1,Tue,23:10,66,55,35
initial,567,1,Tue,23:15,66,53,33
initial,568,1,Tue,23:20,66,50,30
initial,569,1,Tue,23:25,66,49,29
initial,570,1,Tue,23:30,66,47,27
initial,571,1,Tue,23:35,66,47,27
initial,572,1,Tue,23:40,66,46,26
initial,573,1,Tue,23:45,66,46,26
initial,574,1,Tue,23:50,66,44,24
initial,575,1,Tue,23:55,66,43,23
initial,576,2,Wed,00:00,66,42,22
initial,577,2,Wed,00:05,66,42,22
initial,578,2,Wed,00:10,66,42,22
initial,579,2,Wed,00:15,66,42,22
initial,580,2,Wed,00:20,66,42,22
initial,581,2,Wed,00:25,66,45,24
initial,582,2,Wed,00:30,66,49,27
initial,583,2,Wed,00:35,66,51,29
initial,584,2,Wed,00:40,66,52,30
initial,585,2,Wed,00:45,66,54,32
initial,586,2,Wed,00:50,66,56,34
initial,587,2,Wed,00:55,66,57,35
initial,588,2,Wed,01:00,66,59,37
initial,589,2,Wed,01:05,66,62,40
initial,590,2,Wed,01:10,66,62,40
initial,591,2,Wed,01:15,66,67,45
initial,592,2,Wed,01:20,66,67,45
initial,593,2,Wed,01:25,66,68,46
initial,594,2,Wed,01:30,66,69,46
initial,595,2,Wed,01:35,66,71,48
initial,596,2,Wed,01:40,66,73,50
initial,597,2,Wed,01:45,66,75,52
initial,598,2,Wed,01:50,66,78,55
initial,599,2,Wed,01:55,66,81,55
initial,600,2,Wed,02:00,66,83,55
initial,601,2,Wed,02:05,66,83,54
initial,602,2,Wed,02:10,66,84,54
initial,603,2,Wed,02:15,66,86,56
initial,604,2,Wed,02:20,66,88,58
initial,605,2,Wed,02:25,66,89,57
initial,606,2,Wed,02:30,66,90,56
initial,607,2,Wed,02:35,66,91,57
initial,608,2,Wed,02:40,66,95,60
initial,609,2,Wed,02:45,66,96,60
initial,610,2,Wed,02:50,66,101,63
initial,611,2,Wed,02:55,66,101,62
initial,612,2,Wed,03:00,66,102,63
initial,613,2,Wed,03:05,66,103,63
initial,614,2,Wed,03:10,66,103,63
initial,615,2,Wed,03:15,66,105,65
initial,616,2,Wed,03:20,66,106,66
initial,617,2,Wed,03:25,66,102,62
initial,618,2,Wed,03:30,66,101,61
initial,619,2,Wed,03:35,66,100,61
initial,620,2,Wed,03:40,66,98,60
initial,621,2,Wed,03:45,66,95,57
initial,622,2,Wed,03:50,66,94,56
initial,623,2,Wed,03:55,66,94,59
initial,624,2,Wed,04:00,66,91,56
initial,625,2,Wed,04:05,66,92,57
initial,626,2,Wed,04:10,66,91,56
initial,627,2,Wed,04:15,66,89,55
initial,628,2,Wed,04:20,66,86,52
initial,629,2,Wed,04:25,66,86,52
initial,630,2,Wed,04:30,66,84,51
initial,631,2,Wed,04:35,66,84,51
initial,632,2,Wed,04:40,66,80,48
initial,633,2,Wed,04:45,66,78,49
initial,634,2,Wed,04:50,66,76,48
initial,635,2,Wed,04:55,66,72,46
initial,636,2,Wed,05:00,66,71,45
initial,637,2,Wed,05:05,66,69,45
initial,638,2,Wed,05:10,66,66,42
initial,639,2,Wed,05:15,66,66,42
initial,640,2,Wed,05:20,66,66,42
initial,641,2,Wed,05:25,66,64,40
initial,642,2,Wed,05:30,66,62,39
initial,643,2,Wed,05:35,66,60,38
initial,644,2,Wed,05:40,66,57,36
initial,645,2,Wed,05:45,66,56,35
initial,646,2,Wed,05:50,66,54,35
initial,647,2,Wed,05:55,66,53,34
initial,648,2,Wed,06:00,66,51,32
initial,649,2,Wed,06:05,66,50,31
initial,650,2,Wed,06:10,66,50,31
initial,651,2,Wed,06:15,66,46,27
initial,652,2,Wed,06:20,66,46,27
initial,653,2,Wed,06:25,66,42,23
initial,654,2,Wed,06:30,66,41,22
initial,655,2,Wed,06:35,66,38,19
initial,656,2,Wed,06:40,66,36,17
initial,657,2,Wed,06:45,66,36,17
initial,658,2,Wed,06:50,66,34,15
initial,659,2,Wed,06:55,66,34,15
initial,660,2,Wed,07:00,66,33,14
initial,661,2,Wed,07:05,66,33,14
initial,662,2,Wed,07:10,66,33,14
initial,663,2,Wed,07:15,66,33,14
initial,664,2,Wed,07:20,66,33,14
initial,665,2,Wed,07:25,66,33,15
initial,666,2,Wed,07:30,66,33,15
initial,667,2,Wed,07:35,66,35,17
initial,668,2,Wed,07:40,66,35,17
initial,669,2,Wed,07:45,66,36,17
initial,670,2,Wed,07:50,66,36,17
initial,671,2,Wed,07:55,66,37,18
initial,672,2,Wed,08:00,66,37,18
initial,673,2,Wed,08:05,66,38,19
initial,674,2,Wed,08:10,66,38,19
initial,675,2,Wed,08:15,66,40,21
initial,676,2,Wed,08:20,66,40,21
initial,677,2,Wed,08:25,66,41,22
initial,678,2,Wed,08:30,66,41,22
initial,679,2,Wed,08:35,66,43,24
initial,680,2,Wed,08:40,66,43,24
initial,681,2,Wed,08:45,66,45,26
initial,682,2,Wed,08:50,66,46,27
initial,683,2,Wed,08:55,66,50,31
initial,684,2,Wed,09:00,66,53,35
initial,685,2,Wed,09:05,66,54,36
initial,686,2,Wed,09:10,66,55,37
initial,687,2,Wed,09:15,66,56,39
initial,688,2,Wed,09:20,66,56,39
initial,689,2,Wed,09:25,66,56,39
initial,690,2,Wed,09:30,66,56,39
initial,691,2,Wed,09:35,66,56,39
initial,692,2,Wed,09:40,66,56,39
initial,693,2,Wed,09:45,66,54,38
initial,694,2,Wed,09:50,66,54,39
initial,695,2,Wed,09:55,66,53,38
initial,696,2,Wed,10:00,66,52,38
initial,697,2,Wed,10:05,66,51,38
initial,698,2,Wed,10:10,66,50,37
initial,699,2,Wed,10:15,66,49,36
initial,700,2,Wed,10:20,66,49,36
initial,701,2,Wed,10:25,66,45,32
initial,702,2,Wed,10:30,66,41,28
initial,703,2,Wed,10:35,66,40,28
initial,704,2,Wed,10:40,66,41,29
initial,705,2,Wed,10:45,66,40,30
initial,706,2,Wed,10:50,66,39,29
initial,707,2,Wed,10:55,66,38,28
initial,708,2,Wed,11:00,66,36,26
initial,709,2,Wed,11:05,66,35,25
initial,710,2,Wed,11:10,66,34,25
initial,711,2,Wed,11:15,66,33,24
initial,712,2,Wed,11:20,66,31,22
initial,713,2,Wed,11:25,66,30,21
initial,714,2,Wed,11:30,66,30,21
initial,715,2,Wed,11:35,66,29,20
initial,716,2,Wed,11:40,66,29,20
initial,717,2,Wed,11:45,66,26,16
initial,718,2,Wed,11:50,66,26,16
initial,719,2,Wed,11:55,66,25,15
initial,720,2,Wed,12:00,66,24,15
initial,721,2,Wed,12:05,66,24,15
initial,722,2,Wed,12:10,66,23,14
initial,723,2,Wed,12:15,66,23,14
initial,724,2,Wed,12:20,66,21,13
initial,725,2,Wed,12:25,66,21,13
initial,726,2,Wed,12:30,66,21,13
initial,727,2,Wed,12:35,66,21,13
initial,728,2,Wed,12:40,66,21,13
initial,729,2,Wed,12:45,66,19,11
initial,730,2,Wed,12:50,66,19,11
initial,731,2,Wed,12:55,66,19,11
initial,732,2,Wed,13:00,66,18,10
initial,733,2,Wed,13:05,66,18,10
initial,734,2,Wed,13:10,66,18,10
initial,735,2,Wed,13:15,66,18,10
initial,736,2,Wed,13:20,66,18,10
initial,737,2,Wed,13:25,66,17,9
initial,738,2,Wed,13:30,66,18,10
initial,739,2,Wed,13:35,66,19,11
initial,740,2,Wed,13:40,66,19,11
initial,741,2,Wed,13:45,66,19,11
initial,742,2,Wed,13:50,66,19,11
initial,743,2,Wed,13:55,66,19,11
initial,744,2,Wed,14:00,66,18,10
initial,745,2,Wed,14:05,66,18,10
initial,746,2,Wed,14:10,66,18,10
initial,747,2,Wed,14:15,66,18,10
initial,748,2,Wed,14:20,66,18,10
initial,749,2,Wed,14:25,66,19,11
initial,750,2,Wed,14:30,66,20,12
initial,751,2,Wed,14:35,66,20,12
initial,752,2,Wed,14:40,66,20,12
initial,753,2,Wed,14:45,66,20,12
initial,754,2,Wed,14:50,66,20,12
initial,755,2,Wed,14:55,66,20,12
initial,756,2,Wed,15:00,66,19,11
initial,757,2,Wed,15:05,66,19,11
initial,758,2,Wed,15:10,66,19,11
initial,759,2,Wed,15:15,66,20,12
initial,760,2,Wed,15:20,66,20,12
initial,761,2,Wed,15:25,66,21,13
initial,762,2,Wed,15:30,66,21,13
initial,763,2,Wed,15:35,66,23,15
initial,764,2,Wed,15:40,66,23,15
initial,765,2,Wed,15:45,66,23,15
initial,766,2,Wed,15:50,66,23,16
initial,767,2,Wed,15:55,66,23,16
initial,768,2,Wed,16:00,66,26,19
initial,769,2,Wed,16:05,66,26,19
initial,770,2,Wed,16:10,66,28,21
initial,771,2,Wed,16:15,66,30,23
initial,772,2,Wed,16:20,66,32,25
initial,773,2,Wed,16:25,66,32,25
initial,774,2,Wed,16:30,66,32,25
initial,775,2,Wed,16:35,66,32,25
initial,776,2,Wed,16:40,66,32,27
initial,777,2,Wed,16:45,66,31,26
initial,778,2,Wed,16:50,66,31,26
initial,779,2,Wed,16:55,66,31,26
initial,780,2,Wed,17:00,66,30,25
initial,781,2,Wed,17:05,66,29,24
initial,782,2,Wed,17:10,66,29,24
initial,783,2,Wed,17:15,66,29,24
initial,784,2,Wed,17:20,66,29,24
initial,785,2,Wed,17:25,66,28,23
initial,786,2,Wed,17:30,66,27,22
initial,787,2,Wed,17:35,66,27,22
initial,788,2,Wed,17:40,66,22,18
initial,789,2,Wed,17:45,66,22,18
initial,790,2,Wed,17:50,66,22,17
initial,791,2,Wed,17:55,66,22,17
initial,792,2,Wed,18:00,66,23,18
initial,793,2,Wed,18:05,66,23,18
initial,794,2,Wed,18:10,66,24,19
initial,795,2,Wed,18:15,66,24,19
initial,796,2,Wed,18:20,66,24,19
initial,797,2,Wed,18:25,66,24,19
initial,798,2,Wed,18:30,66,25,20
initial,799,2,Wed,18:35,66,25,20
initial,800,2,Wed,18:40,66,26,21
initial,801,2,Wed,18:45,66,27,22
initial,802,2,Wed,18:50,66,27,22
initial,803,2,Wed,18:55,66,28,23
initial,804,2,Wed,19:00,66,32,27
initial,805,2,Wed,19:05,66,33,28
initial,806,2,Wed,19:10,66,33,28
initial,807,2,Wed,19:15,66,33,28
initial,808,2,Wed,19:20,66,35,30
initial,809,2,Wed,19:25,66,36,31
initial,810,2,Wed,19:30,66,38,33
initial,811,2,Wed,19:35,66,39,34
initial,812,2,Wed,19:40,66,41,36
initial,813,2,Wed,19:45,66,44,39
initial,814,2,Wed,19:50,66,46,40
initial,815,2,Wed,19:55,66,49,42
initial,816,2,Wed,20:00,66,49,42
initial,817,2,Wed,20:05,66,53,46
initial,818,2,Wed,20:10,66,58,51
initial,819,2,Wed,20:15,66,58,50
initial,820,2,Wed,20:20,66,60,52
initial,821,2,Wed,20:25,66,61,53
initial,822,2,Wed,20:30,66,63,53
initial,823,2,Wed,20:35,66,66,56
initial,824,2,Wed,20:40,66,68,58
initial,825,2,Wed,20:45,66,72,62
initial,826,2,Wed,20:50,66,74,64
initial,827,2,Wed,20:55,66,76,65
initial,828,2,Wed,21:00,66,78,65
initial,829,2,Wed,21:05,66,78,65
initial,830,2,Wed,21:10,66,80,66
initial,831,2,Wed,21:15,66,81,66
initial,832,2,Wed,21:20,66,81,66
initial,833,2,Wed,21:25,66,81,66
initial,834,2,Wed,21:30,66,81,66
initial,835,2,Wed,21:35,66,81,66
initial,836,2,Wed,21:40,66,81,64
initial,837,2,Wed,21:45,66,81,64
initial,838,2,Wed,21:50,66,82,66
initial,839,2,Wed,21:55,66,82,66
initial,840,2,Wed,22:00,66,80,63
initial,841,2,Wed,22:05,66,77,60
initial,842,2,Wed,22:10,66,76,59
initial,843,2,Wed,22:15,66,73,55
initial,844,2,Wed,22:20,66,70,52
initial,845,2,Wed,22:25,66,70,51
initial,846,2,Wed,22:30,66,65,46
initial,847,2,Wed,22:35,66,63,44
initial,848,2,Wed,22:40,66,61,41
initial,849,2,Wed,22:45,66,60,39
initial,850,2,Wed,22:50,66,57,36
initial,851,2,Wed,22:55,66,57,36
initial,852,2,Wed,23:00,66,57,36
initial,853,2,Wed,23:05,66,57,37
initial,854,2,Wed,23:10,66,52,32
initial,855,2,Wed,23:15,66,51,31
initial,856,2,Wed,23:20,66,48,28
initial,857,2,Wed,23:25,66,47,27
initial,858,2,Wed,23:30,66,45,25
initial,859,2,Wed,23:35,66,45,25
initial,860,2,Wed,23:40,66,45,25
initial,861,2,Wed,23:45,66,44,24
initial,862,2,Wed,23:50,66,42,22
initial,863,2,Wed,23:55,66,42,22
initial,864,3,Thu,00:00,66,41,21
initial,865,3,Thu,00:05,66,41,21
initial,866,3,Thu,00:10,66,41,21
initial,867,3,Thu,00:15,66,41,21
initial,868,3,Thu,00:20,66,42,21
initial,869,3,Thu,00:25,66,45,23
initial,870,3,Thu,00:30,66,49,26
initial,871,3,Thu,00:35,66,51,28
initial,872,3,Thu,00:40,66,52,29
initial,873,3,Thu,00:45,66,54,31
initial,874,3,Thu,00:50,66,57,33
initial,875,3,Thu,00:55,66,57,33
initial,876,3,Thu,01:00,66,59,34
initial,877,3,Thu,01:05,66,62,36
initial,878,3,Thu,01:10,66,62,36
initial,879,3,Thu,01:15,66,65,39
initial,880,3,Thu,01:20,66,66,40
initial,881,3,Thu,01:25,66,68,41
initial,882,3,Thu,01:30,66,69,41
initial,883,3,Thu,01:35,66,71,43
initial,884,3,Thu,01:40,66,73,45
initial,885,3,Thu,01:45,66,75,47
initial,886,3,Thu,01:50,66,78,50
initial,887,3,Thu,01:55,66,79,50
initial,888,3,Thu,02:00,66,82,52
initial,889,3,Thu,02:05,66,82,52
initial,890,3,Thu,02:10,66,83,53
initial,891,3,Thu,02:15,66,85,54
initial,892,3,Thu,02:20,66,87,56
initial,893,3,Thu,02:25,66,89,57
initial,894,3,Thu,02:30,66,90,57
initial,895,3,Thu,02:35,66,90,57
initial,896,3,Thu,02:40,66,94,61
initial,897,3,Thu,02:45,66,94,59
initial,898,3,Thu,02:50,66,99,64
initial,899,3,Thu,02:55,66,99,63
initial,900,3,Thu,03:00,66,100,64
initial,901,3,Thu,03:05,66,101,65
initial,902,3,Thu,03:10,66,101,64
initial,903,3,Thu,03:15,66,103,66
initial,904,3,Thu,03:20,66,103,66
initial,905,3,Thu,03:25,66,100,64
initial,906,3,Thu,03:30,66,99,63
initial,907,3,Thu,03:35,66,99,64
initial,908,3,Thu,03:40,66,98,64
initial,909,3,Thu,03:45,66,95,61
initial,910,3,Thu,03:50,66,94,61
initial,911,3,Thu,03:55,66,94,61
initial,912,3,Thu,04:00,66,91,58
initial,913,3,Thu,04:05,66,93,60
initial,914,3,Thu,04:10,66,92,59
initial,915,3,Thu,04:15,66,90,58
initial,916,3,Thu,04:20,66,87,55
initial,917,3,Thu,04:25,66,87,55
initial,918,3,Thu,04:30,66,84,53
initial,919,3,Thu,04:35,66,83,52
initial,920,3,Thu,04:40,66,79,49
initial,921,3,Thu,04:45,66,76,46
initial,922,3,Thu,04:50,66,74,44
initial,923,3,Thu,04:55,66,70,41
initial,924,3,Thu,05:00,66,69,41
initial,925,3,Thu,05:05,66,67,41
initial,926,3,Thu,05:10,66,64,40
initial,927,3,Thu,05:15,66,63,40
initial,928,3,Thu,05:20,66,63,40
initial,929,3,Thu,05:25,66,61,38
initial,930,3,Thu,05:30,66,60,37
initial,931,3,Thu,05:35,66,58,38
initial,932,3,Thu,05:40,66,55,35
initial,933,3,Thu,05:45,66,53,36
initial,934,3,Thu,05:50,66,51,36
initial,935,3,Thu,05:55,66,49,34
initial,936,3,Thu,06:00,66,47,32
initial,937,3,Thu,06:05,66,46,31
initial,938,3,Thu,06:10,66,45,30
initial,939,3,Thu,06:15,66,41,27
initial,940,3,Thu,06:20,66,41,27
initial,941,3,Thu,06:25,66,37,24
initial,942,3,Thu,06:30,66,36,23
initial,943,3,Thu,06:35,66,33,20
initial,944,3,Thu,06:40,66,31,18
initial,945,3,Thu,06:45,66,30,17
initial,946,3,Thu,06:50,66,28,15
initial,947,3,Thu,06:55,66,28,15
initial,948,3,Thu,07:00,66,27,14
initial,949,3,Thu,07:05,66,27,14
initial,950,3,Thu,07:10,66,27,14
initial,951,3,Thu,07:15,66,27,14
initial,952,3,Thu,07:20,66,28,15
initial,953,3,Thu,07:25,66,27,14
initial,954,3,Thu,07:30,66,27,14
initial,955,3,Thu,07:35,66,29,16
initial,956,3,Thu,07:40,66,30,17
initial,957,3,Thu,07:45,66,31,18
initial,958,3,Thu,07:50,66,31,18
initial,959,3,Thu,07:55,66,31,18
initial,960,3,Thu,08:00,66,30,17
initial,961,3,Thu,08:05,66,31,18
initial,962,3,Thu,08:10,66,31,18
initial,963,3,Thu,08:15,66,33,20
initial,964,3,Thu,08:20,66,33,20
initial,965,3,Thu,08:25,66,34,21
initial,966,3,Thu,08:30,66,35,22
initial,967,3,Thu,08:35,66,37,24
initial,968,3,Thu,08:40,66,37,24
initial,969,3,Thu,08:45,66,38,25
initial,970,3,Thu,08:50,66,39,26
initial,971,3,Thu,08:55,66,44,31
initial,972,3,Thu,09:00,66,47,34
initial,973,3,Thu,09:05,66,49,36
initial,974,3,Thu,09:10,66,50,38
initial,975,3,Thu,09:15,66,51,40
initial,976,3,Thu,09:20,66,52,41
initial,977,3,Thu,09:25,66,52,41
initial,978,3,Thu,09:30,66,53,42
initial,979,3,Thu,09:35,66,53,42
initial,980,3,Thu,09:40,66,54,43
initial,981,3,Thu,09:45,66,53,42
initial,982,3,Thu,09:50,66,53,42
initial,983,3,Thu,09:55,66,52,41
initial,984,3,Thu,10:00,66,50,41
initial,985,3,Thu,10:05,66,49,39
initial,986,3,Thu,10:10,66,48,38
initial,987,3,Thu,10:15,66,47,37
initial,988,3,Thu,10:20,66,47,38
initial,989,3,Thu,10:25,66,44,35
initial,990,3,Thu,10:30,66,41,32
initial,991,3,Thu,10:35,66,39,30
initial,992,3,Thu,10:40,66,39,30
initial,993,3,Thu,10:45,66,39,31
initial,994,3,Thu,10:50,66,38,30
initial,995,3,Thu,10:55,66,37,29
initial,996,3,Thu,11:00,66,33,26
initial,997,3,Thu,11:05,66,32,25
initial,998,3,Thu,11:10,66,31,24
initial,999,3,Thu,11:15,66,30,23
initial,1000,3,Thu,11:20,66,30,23
initial,1001,3,Thu,11:25,66,29,22
initial,1002,3,Thu,11:30,66,28,21
initial,1003,3,Thu,11:35,66,27,20
initial,1004,3,Thu,11:40,66,27,20
initial,1005,3,Thu,11:45,66,25,18
initial,1006,3,Thu,11:50,66,25,18
initial,1007,3,Thu,11:55,66,24,17
initial,1008,3,Thu,12:00,66,21,14
initial,1009,3,Thu,12:05,66,21,14
initial,1010,3,Thu,12:10,66,20,12
initial,1011,3,Thu,12:15,66,20,12
initial,1012,3,Thu,12:20,66,19,11
initial,1013,3,Thu,12:25,66,19,11
initial,1014,3,Thu,12:30,66,19,11
initial,1015,3,Thu,12:35,66,19,11
initial,1016,3,Thu,12:40,66,19,11
initial,1017,3,Thu,12:45,66,17,9
initial,1018,3,Thu,12:50,66,17,9
initial,1019,3,Thu,12:55,66,17,9
initial,1020,3,Thu,13:00,66,16,8
initial,1021,3,Thu,13:05,66,16,8
initial,1022,3,Thu,13:10,66,16,8
initial,1023,3,Thu,13:15,66,16,8
initial,1024,3,Thu,13:20,66,16,8
initial,1025,3,Thu,13:25,66,15,7
initial,1026,3,Thu,13:30,66,16,8
initial,1027,3,Thu,13:35,66,17,9
initial,1028,3,Thu,13:40,66,17,9
initial,1029,3,Thu,13:45,66,17,9
initial,1030,3,Thu,13:50,66,17,9
initial,1031,3,Thu,13:55,66,17,9
initial,1032,3,Thu,14:00,66,16,8
initial,1033,3,Thu,14:05,66,16,8
initial,1034,3,Thu,14:10,66,16,8
initial,1035,3,Thu,14:15,66,16,8
initial,1036,3,Thu,14:20,66,16,8
initial,1037,3,Thu,14:25,66,17,9
initial,1038,3,Thu,14:30,66,18,10
initial,1039,3,Thu,14:35,66,18,10
initial,1040,3,Thu,14:40,66,18,10
initial,1041,3,Thu,14:45,66,18,10
initial,1042,3,Thu,14:50,66,18,10
initial,1043,3,Thu,14:55,66,18,10
initial,1044,3,Thu,15:00,66,18,10
initial,1045,3,Thu,15:05,66,18,10
initial,1046,3,Thu,15:10,66,18,10
initial,1047,3,Thu,15:15,66,18,10
initial,1048,3,Thu,15:20,66,18,10
initial,1049,3,Thu,15:25,66,20,12
initial,1050,3,Thu,15:30,66,20,12
initial,1051,3,Thu,15:35,66,22,14
initial,1052,3,Thu,15:40,66,23,15
initial,1053,3,Thu,15:45,66,23,15
initial,1054,3,Thu,15:50,66,23,15
initial,1055,3,Thu,15:55,66,23,15
initial,1056,3,Thu,16:00,66,26,18
initial,1057,3,Thu,16:05,66,26,18
initial,1058,3,Thu,16:10,66,28,20
initial,1059,3,Thu,16:15,66,29,21
initial,1060,3,Thu,16:20,66,31,23
initial,1061,3,Thu,16:25,66,33,25
initial,1062,3,Thu,16:30,66,33,26
initial,1063,3,Thu,16:35,66,33,26
initial,1064,3,Thu,16:40,66,33,26
initial,1065,3,Thu,16:45,66,33,26
initial,1066,3,Thu,16:50,66,33,25
initial,1067,3,Thu,16:55,66,31,24
initial,1068,3,Thu,17:00,66,30,23
initial,1069,3,Thu,17:05,66,30,22
initial,1070,3,Thu,17:10,66,29,21
initial,1071,3,Thu,17:15,66,29,21
initial,1072,3,Thu,17:20,66,29,21
initial,1073,3,Thu,17:25,66,27,20
initial,1074,3,Thu,17:30,66,26,18
initial,1075,3,Thu,17:35,66,26,18
initial,1076,3,Thu,17:40,66,22,13
initial,1077,3,Thu,17:45,66,22,13
initial,1078,3,Thu,17:50,66,22,12
initial,1079,3,Thu,17:55,66,22,12
initial,1080,3,Thu,18:00,66,22,12
initial,1081,3,Thu,18:05,66,22,12
initial,1082,3,Thu,18:10,66,23,12
initial,1083,3,Thu,18:15,66,23,12
initial,1084,3,Thu,18:20,66,23,12
initial,1085,3,Thu,18:25,66,24,13
initial,1086,3,Thu,18:30,66,25,14
initial,1087,3,Thu,18:35,66,25,14
initial,1088,3,Thu,18:40,66,27,16
initial,1089,3,Thu,18:45,66,28,17
initial,1090,3,Thu,18:50,66,28,17
initial,1091,3,Thu,18:55,66,29,18
initial,1092,3,Thu,19:00,66,34,23
initial,1093,3,Thu,19:05,66,35,24
initial,1094,3,Thu,19:10,66,35,25
initial,1095,3,Thu,19:15,66,35,25
initial,1096,3,Thu,19:20,66,35,25
initial,1097,3,Thu,19:25,66,35,25
initial,1098,3,Thu,19:30,66,35,25
initial,1099,3,Thu,19:35,66,37,27
initial,1100,3,Thu,19:40,66,39,29
initial,1101,3,Thu,19:45,66,41,31
initial,1102,3,Thu,19:50,66,43,33
initial,1103,3,Thu,19:55,66,47,37
initial,1104,3,Thu,20:00,66,47,37
initial,1105,3,Thu,20:05,66,49,39
initial,1106,3,Thu,20:10,66,51,41
initial,1107,3,Thu,20:15,66,54,44
initial,1108,3,Thu,20:20,66,56,45
initial,1109,3,Thu,20:25,66,56,45
initial,1110,3,Thu,20:30,66,58,46
initial,1111,3,Thu,20:35,66,61,49
initial,1112,3,Thu,20:40,66,64,52
initial,1113,3,Thu,20:45,66,67,55
initial,1114,3,Thu,20:50,66,70,58
initial,1115,3,Thu,20:55,66,73,60
initial,1116,3,Thu,21:00,66,77,62
initial,1117,3,Thu,21:05,66,77,62
initial,1118,3,Thu,21:10,66,80,65
initial,1119,3,Thu,21:15,66,82,66
initial,1120,3,Thu,21:20,66,82,65
initial,1121,3,Thu,21:25,66,82,64
initial,1122,3,Thu,21:30,66,83,65
initial,1123,3,Thu,21:35,66,83,64
initial,1124,3,Thu,21:40,66,84,65
initial,1125,3,Thu,21:45,66,85,66
initial,1126,3,Thu,21:50,66,84,65
initial,1127,3,Thu,21:55,66,84,65
initial,1128,3,Thu,22:00,66,82,63
initial,1129,3,Thu,22:05,66,79,61
initial,1130,3,Thu,22:10,66,79,61
initial,1131,3,Thu,22:15,66,76,57
initial,1132,3,Thu,22:20,66,72,53
initial,1133,3,Thu,22:25,66,72,53
initial,1134,3,Thu,22:30,66,68,49
initial,1135,3,Thu,22:35,66,67,48
initial,1136,3,Thu,22:40,66,64,45
initial,1137,3,Thu,22:45,66,63,44
initial,1138,3,Thu,22:50,66,60,41
initial,1139,3,Thu,22:55,66,59,40
initial,1140,3,Thu,23:00,66,58,39
initial,1141,3,Thu,23:05,66,58,39
initial,1142,3,Thu,23:10,66,52,33
initial,1143,3,Thu,23:15,66,50,31
initial,1144,3,Thu,23:20,66,46,27
initial,1145,3,Thu,23:25,66,45,25
initial,1146,3,Thu,23:30,66,43,23
initial,1147,3,Thu,23:35,66,43,23
initial,1148,3,Thu,23:40,66,42,22
initial,1149,3,Thu,23:45,66,41,21
initial,1150,3,Thu,23:50,66,39,19
initial,1151,3,Thu,23:55,66,38,18
initial,1152,4,Fri,00:00,66,37,17
initial,1153,4,Fri,00:05,66,37,17
initial,1154,4,Fri,00:10,66,37,17
initial,1155,4,Fri,00:15,66,37,17
initial,1156,4,Fri,00:20,66,37,18
initial,1157,4,Fri,00:25,66,40,21
initial,1158,4,Fri,00:30,66,44,25
initial,1159,4,Fri,00:35,66,46,27
initial,1160,4,Fri,00:40,66,47,28
initial,1161,4,Fri,00:45,66,49,29
initial,1162,4,Fri,00:50,66,51,30
initial,1163,4,Fri,00:55,66,52,30
initial,1164,4,Fri,01:00,66,54,31
initial,1165,4,Fri,01:05,66,57,34
initial,1166,4,Fri,01:10,66,57,34
initial,1167,4,Fri,01:15,66,62,39
initial,1168,4,Fri,01:20,66,62,39
initial,1169,4,Fri,01:25,66,63,40
initial,1170,4,Fri,01:30,66,64,41
initial,1171,4,Fri,01:35,66,66,43
initial,1172,4,Fri,01:40,66,68,45
initial,1173,4,Fri,01:45,66,70,46
initial,1174,4,Fri,01:50,66,73,48
initial,1175,4,Fri,01:55,66,76,49
initial,1176,4,Fri,02:00,66,79,51
initial,1177,4,Fri,02:05,66,79,51
initial,1178,4,Fri,02:10,66,81,53
initial,1179,4,Fri,02:15,66,83,55
initial,1180,4,Fri,02:20,66,85,56
initial,1181,4,Fri,02:25,66,86,56
initial,1182,4,Fri,02:30,66,87,56
initial,1183,4,Fri,02:35,66,87,56
initial,1184,4,Fri,02:40,66,91,59
initial,1185,4,Fri,02:45,66,91,57
initial,1186,4,Fri,02:50,66,96,62
initial,1187,4,Fri,02:55,66,97,61
initial,1188,4,Fri,03:00,66,98,62
initial,1189,4,Fri,03:05,66,100,63
initial,1190,4,Fri,03:10,66,100,63
initial,1191,4,Fri,03:15,66,102,66
initial,1192,4,Fri,03:20,66,102,66
initial,1193,4,Fri,03:25,66,98,65
initial,1194,4,Fri,03:30,66,97,64
initial,1195,4,Fri,03:35,66,96,63
initial,1196,4,Fri,03:40,66,96,64
initial,1197,4,Fri,03:45,66,93,61
initial,1198,4,Fri,03:50,66,91,60
initial,1199,4,Fri,03:55,66,91,61
initial,1200,4,Fri,04:00,66,88,59
initial,1201,4,Fri,04:05,66,89,61
initial,1202,4,Fri,04:10,66,89,61
initial,1203,4,Fri,04:15,66,89,61
initial,1204,4,Fri,04:20,66,85,58
initial,1205,4,Fri,04:25,66,85,58
initial,1206,4,Fri,04:30,66,83,56
initial,1207,4,Fri,04:35,66,83,57
initial,1208,4,Fri,04:40,66,79,54
initial,1209,4,Fri,04:45,66,77,53
initial,1210,4,Fri,04:50,66,75,52
initial,1211,4,Fri,04:55,66,72,52
initial,1212,4,Fri,05:00,66,71,51
initial,1213,4,Fri,05:05,66,67,49
initial,1214,4,Fri,05:10,66,64,48
initial,1215,4,Fri,05:15,66,64,48
initial,1216,4,Fri,05:20,66,64,48
initial,1217,4,Fri,05:25,66,62,47
initial,1218,4,Fri,05:30,66,59,45
initial,1219,4,Fri,05:35,66,58,44
initial,1220,4,Fri,05:40,66,55,41
initial,1221,4,Fri,05:45,66,54,40
initial,1222,4,Fri,05:50,66,52,38
initial,1223,4,Fri,05:55,66,49,35
initial,1224,4,Fri,06:00,66,47,34
initial,1225,4,Fri,06:05,66,46,33
initial,1226,4,Fri,06:10,66,45,32
initial,1227,4,Fri,06:15,66,41,28
initial,1228,4,Fri,06:20,66,41,28
initial,1229,4,Fri,06:25,66,37,24
initial,1230,4,Fri,06:30,66,36,23
initial,1231,4,Fri,06:35,66,33,20
initial,1232,4,Fri,06:40,66,31,18
initial,1233,4,Fri,06:45,66,30,17
initial,1234,4,Fri,06:50,66,28,15
initial,1235,4,Fri,06:55,66,28,15
initial,1236,4,Fri,07:00,66,27,14
initial,1237,4,Fri,07:05,66,27,14
initial,1238,4,Fri,07:10,66,27,14
initial,1239,4,Fri,07:15,66,28,15
initial,1240,4,Fri,07:20,66,28,15
initial,1241,4,Fri,07:25,66,27,15
initial,1242,4,Fri,07:30,66,27,15
initial,1243,4,Fri,07:35,66,29,17
initial,1244,4,Fri,07:40,66,29,17
initial,1245,4,Fri,07:45,66,30,18
initial,1246,4,Fri,07:50,66,30,18
initial,1247,4,Fri,07:55,66,31,19
initial,1248,4,Fri,08:00,66,31,19
initial,1249,4,Fri,08:05,66,32,20
initial,1250,4,Fri,08:10,66,32,20
initial,1251,4,Fri,08:15,66,34,22
initial,1252,4,Fri,08:20,66,36,24
initial,1253,4,Fri,08:25,66,37,25
initial,1254,4,Fri,08:30,66,37,25
initial,1255,4,Fri,08:35,66,39,27
initial,1256,4,Fri,08:40,66,39,27
initial,1257,4,Fri,08:45,66,40,28
initial,1258,4,Fri,08:50,66,41,29
initial,1259,4,Fri,08:55,66,45,33
initial,1260,4,Fri,09:00,66,48,37
initial,1261,4,Fri,09:05,66,49,38
initial,1262,4,Fri,09:10,66,50,40
initial,1263,4,Fri,09:15,66,53,43
initial,1264,4,Fri,09:20,66,54,44
initial,1265,4,Fri,09:25,66,54,44
initial,1266,4,Fri,09:30,66,54,44
initial,1267,4,Fri,09:35,66,54,44
initial,1268,4,Fri,09:40,66,54,45
initial,1269,4,Fri,09:45,66,53,44
initial,1270,4,Fri,09:50,66,53,44
initial,1271,4,Fri,09:55,66,52,43
initial,1272,4,Fri,10:00,66,51,42
initial,1273,4,Fri,10:05,66,50,41
initial,1274,4,Fri,10:10,66,50,41
initial,1275,4,Fri,10:15,66,49,40
initial,1276,4,Fri,10:20,66,49,40
initial,1277,4,Fri,10:25,66,45,36
initial,1278,4,Fri,10:30,66,41,32
initial,1279,4,Fri,10:35,66,40,30
initial,1280,4,Fri,10:40,66,40,31
initial,1281,4,Fri,10:45,66,40,33
initial,1282,4,Fri,10:50,66,39,32
initial,1283,4,Fri,10:55,66,38,31
initial,1284,4,Fri,11:00,66,35,28
initial,1285,4,Fri,11:05,66,34,27
initial,1286,4,Fri,11:10,66,33,26
initial,1287,4,Fri,11:15,66,32,25
initial,1288,4,Fri,11:20,66,30,24
initial,1289,4,Fri,11:25,66,29,23
initial,1290,4,Fri,11:30,66,29,23
initial,1291,4,Fri,11:35,66,28,22
initial,1292,4,Fri,11:40,66,27,21
initial,1293,4,Fri,11:45,66,24,18
initial,1294,4,Fri,11:50,66,24,18
initial,1295,4,Fri,11:55,66,23,17
initial,1296,4,Fri,12:00,66,21,15
initial,1297,4,Fri,12:05,66,21,15
initial,1298,4,Fri,12:10,66,20,14
initial,1299,4,Fri,12:15,66,20,14
initial,1300,4,Fri,12:20,66,18,12
initial,1301,4,Fri,12:25,66,18,12
initial,1302,4,Fri,12:30,66,18,12
initial,1303,4,Fri,12:35,66,18,12
initial,1304,4,Fri,12:40,66,18,12
initial,1305,4,Fri,12:45,66,16,10
initial,1306,4,Fri,12:50,66,16,10
initial,1307,4,Fri,12:55,66,16,10
initial,1308,4,Fri,13:00,66,15,9
initial,1309,4,Fri,13:05,66,15,9
initial,1310,4,Fri,13:10,66,15,9
initial,1311,4,Fri,13:15,66,15,9
initial,1312,4,Fri,13:20,66,15,9
initial,1313,4,Fri,13:25,66,14,8
initial,1314,4,Fri,13:30,66,15,9
initial,1315,4,Fri,13:35,66,16,10
initial,1316,4,Fri,13:40,66,16,10
initial,1317,4,Fri,13:45,66,16,10
initial,1318,4,Fri,13:50,66,16,10
initial,1319,4,Fri,13:55,66,16,10
initial,1320,4,Fri,14:00,66,15,9
initial,1321,4,Fri,14:05,66,15,9
initial,1322,4,Fri,14:10,66,15,9
initial,1323,4,Fri,14:15,66,15,9
initial,1324,4,Fri,14:20,66,15,9
initial,1325,4,Fri,14:25,66,16,10
initial,1326,4,Fri,14:30,66,17,11
initial,1327,4,Fri,14:35,66,17,11
initial,1328,4,Fri,14:40,66,17,11
initial,1329,4,Fri,14:45,66,17,11
initial,1330,4,Fri,14:50,66,17,11
initial,1331,4,Fri,14:55,66,17,11
initial,1332,4,Fri,15:00,66,17,11
initial,1333,4,Fri,15:05,66,17,11
initial,1334,4,Fri,15:10,66,17,11
initial,1335,4,Fri,15:15,66,18,12
initial,1336,4,Fri,15:20,66,18,12
initial,1337,4,Fri,15:25,66,20,14
initial,1338,4,Fri,15:30,66,20,14
initial,1339,4,Fri,15:35,66,22,16
initial,1340,4,Fri,15:40,66,23,17
initial,1341,4,Fri,15:45,66,23,17
initial,1342,4,Fri,15:50,66,23,17
initial,1343,4,Fri,15:55,66,23,17
initial,1344,4,Fri,16:00,66,28,22
initial,1345,4,Fri,16:05,66,28,22
initial,1346,4,Fri,16:10,66,30,24
initial,1347,4,Fri,16:15,66,31,26
initial,1348,4,Fri,16:20,66,33,28
initial,1349,4,Fri,16:25,66,34,30
initial,1350,4,Fri,16:30,66,34,30
initial,1351,4,Fri,16:35,66,34,30
initial,1352,4,Fri,16:40,66,34,30
initial,1353,4,Fri,16:45,66,34,30
initial,1354,4,Fri,16:50,66,34,30
initial,1355,4,Fri,16:55,66,34,29
initial,1356,4,Fri,17:00,66,33,28
initial,1357,4,Fri,17:05,66,32,26
initial,1358,4,Fri,17:10,66,32,26
initial,1359,4,Fri,17:15,66,31,25
initial,1360,4,Fri,17:20,66,31,25
initial,1361,4,Fri,17:25,66,29,23
initial,1362,4,Fri,17:30,66,28,20
initial,1363,4,Fri,17:35,66,28,20
initial,1364,4,Fri,17:40,66,25,17
initial,1365,4,Fri,17:45,66,25,17
initial,1366,4,Fri,17:50,66,24,16
initial,1367,4,Fri,17:55,66,24,16
initial,1368,4,Fri,18:00,66,25,17
initial,1369,4,Fri,18:05,66,25,17
initial,1370,4,Fri,18:10,66,26,18
initial,1371,4,Fri,18:15,66,26,18
initial,1372,4,Fri,18:20,66,27,19
initial,1373,4,Fri,18:25,66,27,19
initial,1374,4,Fri,18:30,66,28,20
initial,1375,4,Fri,18:35,66,28,20
initial,1376,4,Fri,18:40,66,29,21
initial,1377,4,Fri,18:45,66,29,21
initial,1378,4,Fri,18:50,66,29,21
initial,1379,4,Fri,18:55,66,30,22
initial,1380,4,Fri,19:00,66,36,28
initial,1381,4,Fri,19:05,66,36,28
initial,1382,4,Fri,19:10,66,36,28
initial,1383,4,Fri,19:15,66,36,28
initial,1384,4,Fri,19:20,66,38,30
initial,1385,4,Fri,19:25,66,39,31
initial,1386,4,Fri,19:30,66,40,32
initial,1387,4,Fri,19:35,66,42,34
initial,1388,4,Fri,19:40,66,45,35
initial,1389,4,Fri,19:45,66,48,38
initial,1390,4,Fri,19:50,66,50,39
initial,1391,4,Fri,19:55,66,53,42
initial,1392,4,Fri,20:00,66,53,42
initial,1393,4,Fri,20:05,66,57,45
initial,1394,4,Fri,20:10,66,62,50
initial,1395,4,Fri,20:15,66,63,51
initial,1396,4,Fri,20:20,66,64,52
initial,1397,4,Fri,20:25,66,65,52
initial,1398,4,Fri,20:30,66,68,53
initial,1399,4,Fri,20:35,66,71,56
initial,1400,4,Fri,20:40,66,73,58
initial,1401,4,Fri,20:45,66,77,62
initial,1402,4,Fri,20:50,66,78,62
initial,1403,4,Fri,20:55,66,80,64
initial,1404,4,Fri,21:00,66,82,64
initial,1405,4,Fri,21:05,66,82,63
initial,1406,4,Fri,21:10,66,84,64
initial,1407,4,Fri,21:15,66,85,65
initial,1408,4,Fri,21:20,66,85,65
initial,1409,4,Fri,21:25,66,85,64
initial,1410,4,Fri,21:30,66,86,65
initial,1411,4,Fri,21:35,66,87,66
initial,1412,4,Fri,21:40,66,87,63
initial,1413,4,Fri,21:45,66,87,63
initial,1414,4,Fri,21:50,66,88,64
initial,1415,4,Fri,21:55,66,89,65
initial,1416,4,Fri,22:00,66,88,64
initial,1417,4,Fri,22:05,66,86,61
initial,1418,4,Fri,22:10,66,86,61
initial,1419,4,Fri,22:15,66,83,58
initial,1420,4,Fri,22:20,66,80,55
initial,1421,4,Fri,22:25,66,80,54
initial,1422,4,Fri,22:30,66,75,49
initial,1423,4,Fri,22:35,66,73,47
initial,1424,4,Fri,22:40,66,69,43
initial,1425,4,Fri,22:45,66,68,42
initial,1426,4,Fri,22:50,66,65,40
initial,1427,4,Fri,22:55,66,65,40
initial,1428,4,Fri,23:00,66,64,39
initial,1429,4,Fri,23:05,66,64,39
initial,1430,4,Fri,23:10,66,60,35
initial,1431,4,Fri,23:15,66,60,35
initial,1432,4,Fri,23:20,66,56,31
initial,1433,4,Fri,23:25,66,54,29
initial,1434,4,Fri,23:30,66,51,26
initial,1435,4,Fri,23:35,66,51,26
initial,1436,4,Fri,23:40,66,50,25
initial,1437,4,Fri,23:45,66,48,23
initial,1438,4,Fri,23:50,66,45,20
initial,1439,4,Fri,23:55,66,44,19
initial,1440,5,Sat,00:00,66,43,18
initial,1441,5,Sat,00:05,66,43,18
initial,1442,5,Sat,00:10,66,43,18
initial,1443,5,Sat,00:15,66,43,18
initial,1444,5,Sat,00:20,66,44,19
initial,1445,5,Sat,00:25,66,47,21
initial,1446,5,Sat,00:30,66,50,22
initial,1447,5,Sat,00:35,66,51,23
initial,1448,5,Sat,00:40,66,52,24
initial,1449,5,Sat,00:45,66,53,25
initial,1450,5,Sat,00:50,66,56,28
initial,1451,5,Sat,00:55,66,56,28
initial,1452,5,Sat,01:00,66,58,30
initial,1453,5,Sat,01:05,66,61,33
initial,1454,5,Sat,01:10,66,61,33
initial,1455,5,Sat,01:15,66,64,36
initial,1456,5,Sat,01:20,66,65,37
initial,1457,5,Sat,01:25,66,67,39
initial,1458,5,Sat,01:30,66,68,40
initial,1459,5,Sat,01:35,66,70,41
initial,1460,5,Sat,01:40,66,72,43
initial,1461,5,Sat,01:45,66,73,44
initial,1462,5,Sat,01:50,66,76,46
initial,1463,5,Sat,01:55,66,77,46
initial,1464,5,Sat,02:00,66,80,49
initial,1465,5,Sat,02:05,66,80,49
initial,1466,5,Sat,02:10,66,81,50
initial,1467,5,Sat,02:15,66,84,53
initial,1468,5,Sat,02:20,66,86,54
initial,1469,5,Sat,02:25,66,88,55
initial,1470,5,Sat,02:30,66,89,56
initial,1471,5,Sat,02:35,66,90,57
initial,1472,5,Sat,02:40,66,94,61
initial,1473,5,Sat,02:45,66,95,62
initial,1474,5,Sat,02:50,66,99,65
initial,1475,5,Sat,02:55,66,99,64
initial,1476,5,Sat,03:00,66,100,64
initial,1477,5,Sat,03:05,66,102,65
initial,1478,5,Sat,03:10,66,102,64
initial,1479,5,Sat,03:15,66,104,66
initial,1480,5,Sat,03:20,66,104,66
initial,1481,5,Sat,03:25,66,100,63
initial,1482,5,Sat,03:30,66,99,63
initial,1483,5,Sat,03:35,66,99,64
initial,1484,5,Sat,03:40,66,98,65
initial,1485,5,Sat,03:45,66,95,62
initial,1486,5,Sat,03:50,66,93,60
initial,1487,5,Sat,03:55,66,93,61
initial,1488,5,Sat,04:00,66,90,58
initial,1489,5,Sat,04:05,66,90,58
initial,1490,5,Sat,04:10,66,89,58
initial,1491,5,Sat,04:15,66,88,57
initial,1492,5,Sat,04:20,66,84,54
initial,1493,5,Sat,04:25,66,83,53
initial,1494,5,Sat,04:30,66,81,52
initial,1495,5,Sat,04:35,66,81,53
initial,1496,5,Sat,04:40,66,77,50
initial,1497,5,Sat,04:45,66,74,47
initial,1498,5,Sat,04:50,66,72,45
initial,1499,5,Sat,04:55,66,68,42
initial,1500,5,Sat,05:00,66,67,42
initial,1501,5,Sat,05:05,66,63,40
initial,1502,5,Sat,05:10,66,61,38
initial,1503,5,Sat,05:15,66,61,40
initial,1504,5,Sat,05:20,66,61,40
initial,1505,5,Sat,05:25,66,59,39
initial,1506,5,Sat,05:30,66,56,36
initial,1507,5,Sat,05:35,66,55,37
initial,1508,5,Sat,05:40,66,53,35
initial,1509,5,Sat,05:45,66,51,34
initial,1510,5,Sat,05:50,66,50,33
initial,1511,5,Sat,05:55,66,48,31
initial,1512,5,Sat,06:00,66,47,31
initial,1513,5,Sat,06:05,66,46,30
initial,1514,5,Sat,06:10,66,45,29
initial,1515,5,Sat,06:15,66,42,26
initial,1516,5,Sat,06:20,66,42,26
initial,1517,5,Sat,06:25,66,38,22
initial,1518,5,Sat,06:30,66,37,21
initial,1519,5,Sat,06:35,66,34,18
initial,1520,5,Sat,06:40,66,32,16
initial,1521,5,Sat,06:45,66,31,15
initial,1522,5,Sat,06:50,66,29,13
initial,1523,5,Sat,06:55,66,29,13
initial,1524,5,Sat,07:00,66,28,12
initial,1525,5,Sat,07:05,66,28,12
initial,1526,5,Sat,07:10,66,29,13
initial,1527,5,Sat,07:15,66,30,14
initial,1528,5,Sat,07:20,66,30,14
initial,1529,5,Sat,07:25,66,29,13
initial,1530,5,Sat,07:30,66,29,13
initial,1531,5,Sat,07:35,66,31,15
initial,1532,5,Sat,07:40,66,31,15
initial,1533,5,Sat,07:45,66,32,16
initial,1534,5,Sat,07:50,66,32,16
initial,1535,5,Sat,07:55,66,33,17
initial,1536,5,Sat,08:00,66,33,17
initial,1537,5,Sat,08:05,66,34,18
initial,1538,5,Sat,08:10,66,34,18
initial,1539,5,Sat,08:15,66,36,20
initial,1540,5,Sat,08:20,66,37,21
initial,1541,5,Sat,08:25,66,38,22
initial,1542,5,Sat,08:30,66,39,23
initial,1543,5,Sat,08:35,66,41,25
initial,1544,5,Sat,08:40,66,41,25
initial,1545,5,Sat,08:45,66,42,27
initial,1546,5,Sat,08:50,66,43,28
initial,1547,5,Sat,08:55,66,47,32
initial,1548,5,Sat,09:00,66,50,35
initial,1549,5,Sat,09:05,66,51,36
initial,1550,5,Sat,09:10,66,52,37
initial,1551,5,Sat,09:15,66,54,40
initial,1552,5,Sat,09:20,66,55,41
initial,1553,5,Sat,09:25,66,55,43
initial,1554,5,Sat,09:30,66,55,43
initial,1555,5,Sat,09:35,66,55,43
initial,1556,5,Sat,09:40,66,55,44
initial,1557,5,Sat,09:45,66,54,43
initial,1558,5,Sat,09:50,66,54,43
initial,1559,5,Sat,09:55,66,53,42
initial,1560,5,Sat,10:00,66,52,41
initial,1561,5,Sat,10:05,66,51,40
initial,1562,5,Sat,10:10,66,50,40
initial,1563,5,Sat,10:15,66,49,40
initial,1564,5,Sat,10:20,66,48,39
initial,1565,5,Sat,10:25,66,44,35
initial,1566,5,Sat,10:30,66,41,32
initial,1567,5,Sat,10:35,66,40,31
initial,1568,5,Sat,10:40,66,40,32
initial,1569,5,Sat,10:45,66,39,32
initial,1570,5,Sat,10:50,66,38,31
initial,1571,5,Sat,10:55,66,37,30
initial,1572,5,Sat,11:00,66,35,28
initial,1573,5,Sat,11:05,66,34,27
initial,1574,5,Sat,11:10,66,33,27
initial,1575,5,Sat,11:15,66,32,26
initial,1576,5,Sat,11:20,66,30,24
initial,1577,5,Sat,11:25,66,29,23
initial,1578,5,Sat,11:30,66,29,23
initial,1579,5,Sat,11:35,66,28,22
initial,1580,5,Sat,11:40,66,27,21
initial,1581,5,Sat,11:45,66,24,18
initial,1582,5,Sat,11:50,66,24,18
initial,1583,5,Sat,11:55,66,23,17
initial,1584,5,Sat,12:00,66,21,15
initial,1585,5,Sat,12:05,66,21,15
initial,1586,5,Sat,12:10,66,20,14
initial,1587,5,Sat,12:15,66,20,14
initial,1588,5,Sat,12:20,66,18,12
initial,1589,5,Sat,12:25,66,18,13
initial,1590,5,Sat,12:30,66,18,13
initial,1591,5,Sat,12:35,66,18,13
initial,1592,5,Sat,12:40,66,18,13
initial,1593,5,Sat,12:45,66,16,11
initial,1594,5,Sat,12:50,66,16,11
initial,1595,5,Sat,12:55,66,16,11
initial,1596,5,Sat,13:00,66,15,10
initial,1597,5,Sat,13:05,66,15,10
initial,1598,5,Sat,13:10,66,15,10
initial,1599,5,Sat,13:15,66,15,10
initial,1600,5,Sat,13:20,66,15,10
initial,1601,5,Sat,13:25,66,14,9
initial,1602,5,Sat,13:30,66,15,10
initial,1603,5,Sat,13:35,66,16,11
initial,1604,5,Sat,13:40,66,16,11
initial,1605,5,Sat,13:45,66,16,11
initial,1606,5,Sat,13:50,66,16,11
initial,1607,5,Sat,13:55,66,16,11
initial,1608,5,Sat,14:00,66,15,10
initial,1609,5,Sat,14:05,66,15,10
initial,1610,5,Sat,14:10,66,15,10
initial,1611,5,Sat,14:15,66,15,10
initial,1612,5,Sat,14:20,66,15,10
initial,1613,5,Sat,14:25,66,16,11
initial,1614,5,Sat,14:30,66,17,12
initial,1615,5,Sat,14:35,66,17,12
initial,1616,5,Sat,14:40,66,17,12
initial,1617,5,Sat,14:45,66,17,12
initial,1618,5,Sat,14:50,66,17,12
initial,1619,5,Sat,14:55,66,17,12
initial,1620,5,Sat,15:00,66,16,11
initial,1621,5,Sat,15:05,66,16,11
initial,1622,5,Sat,15:10,66,16,11
initial,1623,5,Sat,15:15,66,17,12
initial,1624,5,Sat,15:20,66,17,12
initial,1625,5,Sat,15:25,66,19,14
initial,1626,5,Sat,15:30,66,19,14
initial,1627,5,Sat,15:35,66,21,16
initial,1628,5,Sat,15:40,66,22,17
initial,1629,5,Sat,15:45,66,22,17
initial,1630,5,Sat,15:50,66,22,17
initial,1631,5,Sat,15:55,66,22,17
initial,1632,5,Sat,16:00,66,26,21
initial,1633,5,Sat,16:05,66,26,21
initial,1634,5,Sat,16:10,66,28,23
initial,1635,5,Sat,16:15,66,29,24
initial,1636,5,Sat,16:20,66,31,26
initial,1637,5,Sat,16:25,66,32,27
initial,1638,5,Sat,16:30,66,32,28
initial,1639,5,Sat,16:35,66,32,28
initial,1640,5,Sat,16:40,66,32,28
initial,1641,5,Sat,16:45,66,32,28
initial,1642,5,Sat,16:50,66,31,27
initial,1643,5,Sat,16:55,66,30,25
initial,1644,5,Sat,17:00,66,29,24
initial,1645,5,Sat,17:05,66,28,22
initial,1646,5,Sat,17:10,66,28,22
initial,1647,5,Sat,17:15,66,28,22
initial,1648,5,Sat,17:20,66,28,22
initial,1649,5,Sat,17:25,66,26,20
initial,1650,5,Sat,17:30,66,25,19
initial,1651,5,Sat,17:35,66,25,19
initial,1652,5,Sat,17:40,66,20,15
initial,1653,5,Sat,17:45,66,20,15
initial,1654,5,Sat,17:50,66,20,15
initial,1655,5,Sat,17:55,66,20,15
initial,1656,5,Sat,18:00,66,21,16
initial,1657,5,Sat,18:05,66,21,16
initial,1658,5,Sat,18:10,66,21,16
initial,1659,5,Sat,18:15,66,21,16
initial,1660,5,Sat,18:20,66,22,17
initial,1661,5,Sat,18:25,66,22,17
initial,1662,5,Sat,18:30,66,23,18
initial,1663,5,Sat,18:35,66,23,18
initial,1664,5,Sat,18:40,66,23,18
initial,1665,5,Sat,18:45,66,23,17
initial,1666,5,Sat,18:50,66,23,17
initial,1667,5,Sat,18:55,66,24,18
initial,1668,5,Sat,19:00,66,30,24
initial,1669,5,Sat,19:05,66,30,24
initial,1670,5,Sat,19:10,66,30,25
initial,1671,5,Sat,19:15,66,30,25
initial,1672,5,Sat,19:20,66,32,27
initial,1673,5,Sat,19:25,66,33,28
initial,1674,5,Sat,19:30,66,34,28
initial,1675,5,Sat,19:35,66,36,30
initial,1676,5,Sat,19:40,66,39,33
initial,1677,5,Sat,19:45,66,42,36
initial,1678,5,Sat,19:50,66,43,37
initial,1679,5,Sat,19:55,66,45,39
initial,1680,5,Sat,20:00,66,45,38
initial,1681,5,Sat,20:05,66,49,42
initial,1682,5,Sat,20:10,66,53,45
initial,1683,5,Sat,20:15,66,54,46
initial,1684,5,Sat,20:20,66,56,48
initial,1685,5,Sat,20:25,66,57,49
initial,1686,5,Sat,20:30,66,60,51
initial,1687,5,Sat,20:35,66,63,54
initial,1688,5,Sat,20:40,66,65,56
initial,1689,5,Sat,20:45,66,68,59
initial,1690,5,Sat,20:50,66,70,61
initial,1691,5,Sat,20:55,66,72,63
initial,1692,5,Sat,21:00,66,74,65
initial,1693,5,Sat,21:05,66,74,64
initial,1694,5,Sat,21:10,66,75,65
initial,1695,5,Sat,21:15,66,76,66
initial,1696,5,Sat,21:20,66,76,66
initial,1697,5,Sat,21:25,66,76,65
initial,1698,5,Sat,21:30,66,76,65
initial,1699,5,Sat,21:35,66,76,63
initial,1700,5,Sat,21:40,66,76,63
initial,1701,5,Sat,21:45,66,76,63
initial,1702,5,Sat,21:50,66,76,65
initial,1703,5,Sat,21:55,66,77,66
initial,1704,5,Sat,22:00,66,76,65
initial,1705,5,Sat,22:05,66,74,63
initial,1706,5,Sat,22:10,66,74,63
initial,1707,5,Sat,22:15,66,70,59
initial,1708,5,Sat,22:20,66,67,56
initial,1709,5,Sat,22:25,66,67,56
initial,1710,5,Sat,22:30,66,63,52
initial,1711,5,Sat,22:35,66,61,50
initial,1712,5,Sat,22:40,66,57,46
initial,1713,5,Sat,22:45,66,56,45
initial,1714,5,Sat,22:50,66,52,41
initial,1715,5,Sat,22:55,66,52,41
initial,1716,5,Sat,23:00,66,51,40
initial,1717,5,Sat,23:05,66,52,41
initial,1718,5,Sat,23:10,66,48,37
initial,1719,5,Sat,23:15,66,47,36
initial,1720,5,Sat,23:20,66,45,34
initial,1721,5,Sat,23:25,66,43,32
initial,1722,5,Sat,23:30,66,39,28
initial,1723,5,Sat,23:35,66,39,28
initial,1724,5,Sat,23:40,66,38,27
initial,1725,5,Sat,23:45,66,36,25
initial,1726,5,Sat,23:50,66,33,22
initial,1727,5,Sat,23:55,66,32,21
initial,1728,6,Sun,00:00,66,31,20
initial,1729,6,Sun,00:05,66,31,20
initial,1730,6,Sun,00:10,66,31,20
initial,1731,6,Sun,00:15,66,31,20
initial,1732,6,Sun,00:20,66,32,21
initial,1733,6,Sun,00:25,66,35,24
initial,1734,6,Sun,00:30,66,38,23
initial,1735,6,Sun,00:35,66,40,25
initial,1736,6,Sun,00:40,66,41,26
initial,1737,6,Sun,00:45,66,43,28
initial,1738,6,Sun,00:50,66,46,30
initial,1739,6,Sun,00:55,66,47,31
initial,1740,6,Sun,01:00,66,49,33
initial,1741,6,Sun,01:05,66,52,35
initial,1742,6,Sun,01:10,66,52,35
initial,1743,6,Sun,01:15,66,57,40
initial,1744,6,Sun,01:20,66,58,41
initial,1745,6,Sun,01:25,66,60,43
initial,1746,6,Sun,01:30,66,61,44
initial,1747,6,Sun,01:35,66,62,45
initial,1748,6,Sun,01:40,66,64,46
initial,1749,6,Sun,01:45,66,66,47
initial,1750,6,Sun,01:50,66,69,48
initial,1751,6,Sun,01:55,66,72,48
initial,1752,6,Sun,02:00,66,75,50
initial,1753,6,Sun,02:05,66,75,50
initial,1754,6,Sun,02:10,66,76,51
initial,1755,6,Sun,02:15,66,79,53
initial,1756,6,Sun,02:20,66,81,55
initial,1757,6,Sun,02:25,66,82,55
initial,1758,6,Sun,02:30,66,83,56
initial,1759,6,Sun,02:35,66,84,57
initial,1760,6,Sun,02:40,66,88,59
initial,1761,6,Sun,02:45,66,89,60
initial,1762,6,Sun,02:50,66,95,66
initial,1763,6,Sun,02:55,66,95,65
initial,1764,6,Sun,03:00,66,96,65
initial,1765,6,Sun,03:05,66,98,66
initial,1766,6,Sun,03:10,66,98,66
initial,1767,6,Sun,03:15,66,100,66
initial,1768,6,Sun,03:20,66,100,66
initial,1769,6,Sun,03:25,66,96,64
initial,1770,6,Sun,03:30,66,95,64
initial,1771,6,Sun,03:35,66,94,64
initial,1772,6,Sun,03:40,66,93,66
initial,1773,6,Sun,03:45,66,90,63
initial,1774,6,Sun,03:50,66,88,62
initial,1775,6,Sun,03:55,66,88,63
initial,1776,6,Sun,04:00,66,85,60
initial,1777,6,Sun,04:05,66,85,62
initial,1778,6,Sun,04:10,66,86,63
initial,1779,6,Sun,04:15,66,86,63
initial,1780,6,Sun,04:20,66,82,60
initial,1781,6,Sun,04:25,66,82,60
initial,1782,6,Sun,04:30,66,81,59
initial,1783,6,Sun,04:35,66,81,60
initial,1784,6,Sun,04:40,66,77,58
initial,1785,6,Sun,04:45,66,75,58
initial,1786,6,Sun,04:50,66,73,56
initial,1787,6,Sun,04:55,66,70,54
initial,1788,6,Sun,05:00,66,69,55
initial,1789,6,Sun,05:05,66,65,52
initial,1790,6,Sun,05:10,66,62,50
initial,1791,6,Sun,05:15,66,62,50
initial,1792,6,Sun,05:20,66,62,50
initial,1793,6,Sun,05:25,66,60,48
initial,1794,6,Sun,05:30,66,57,45
initial,1795,6,Sun,05:35,66,58,46
initial,1796,6,Sun,05:40,66,55,43
initial,1797,6,Sun,05:45,66,53,41
initial,1798,6,Sun,05:50,66,51,39
initial,1799,6,Sun,05:55,66,48,36
initial,1800,6,Sun,06:00,66,46,34
initial,1801,6,Sun,06:05,66,45,33
initial,1802,6,Sun,06:10,66,44,32
initial,1803,6,Sun,06:15,66,40,28
initial,1804,6,Sun,06:20,66,40,28
initial,1805,6,Sun,06:25,66,36,24
initial,1806,6,Sun,06:30,66,35,24
initial,1807,6,Sun,06:35,66,32,21
initial,1808,6,Sun,06:40,66,30,19
initial,1809,6,Sun,06:45,66,29,18
initial,1810,6,Sun,06:50,66,28,17
initial,1811,6,Sun,06:55,66,28,17
initial,1812,6,Sun,07:00,66,27,16
initial,1813,6,Sun,07:05,66,27,16
initial,1814,6,Sun,07:10,66,28,17
initial,1815,6,Sun,07:15,66,28,17
initial,1816,6,Sun,07:20,66,28,17
initial,1817,6,Sun,07:25,66,26,15
initial,1818,6,Sun,07:30,66,26,15
initial,1819,6,Sun,07:35,66,27,16
initial,1820,6,Sun,07:40,66,27,16
initial,1821,6,Sun,07:45,66,28,17
initial,1822,6,Sun,07:50,66,28,17
initial,1823,6,Sun,07:55,66,29,18
initial,1824,6,Sun,08:00,66,28,17
initial,1825,6,Sun,08:05,66,29,18
initial,1826,6,Sun,08:10,66,29,18
initial,1827,6,Sun,08:15,66,31,20
initial,1828,6,Sun,08:20,66,32,21
initial,1829,6,Sun,08:25,66,33,22
initial,1830,6,Sun,08:30,66,33,22
initial,1831,6,Sun,08:35,66,35,24
initial,1832,6,Sun,08:40,66,35,24
initial,1833,6,Sun,08:45,66,37,26
initial,1834,6,Sun,08:50,66,38,27
initial,1835,6,Sun,08:55,66,42,32
initial,1836,6,Sun,09:00,66,45,36
initial,1837,6,Sun,09:05,66,46,38
initial,1838,6,Sun,09:10,66,47,39
initial,1839,6,Sun,09:15,66,48,40
initial,1840,6,Sun,09:20,66,49,41
initial,1841,6,Sun,09:25,66,49,41
initial,1842,6,Sun,09:30,66,49,41
initial,1843,6,Sun,09:35,66,49,41
initial,1844,6,Sun,09:40,66,49,41
initial,1845,6,Sun,09:45,66,48,40
initial,1846,6,Sun,09:50,66,48,40
initial,1847,6,Sun,09:55,66,47,39
initial,1848,6,Sun,10:00,66,47,40
initial,1849,6,Sun,10:05,66,46,40
initial,1850,6,Sun,10:10,66,45,39
initial,1851,6,Sun,10:15,66,44,39
initial,1852,6,Sun,10:20,66,44,39
initial,1853,6,Sun,10:25,66,40,35
initial,1854,6,Sun,10:30,66,36,31
initial,1855,6,Sun,10:35,66,36,31
initial,1856,6,Sun,10:40,66,36,31
initial,1857,6,Sun,10:45,66,35,31
initial,1858,6,Sun,10:50,66,34,30
initial,1859,6,Sun,10:55,66,33,29
initial,1860,6,Sun,11:00,66,30,27
initial,1861,6,Sun,11:05,66,29,26
initial,1862,6,Sun,11:10,66,28,25
initial,1863,6,Sun,11:15,66,27,24
initial,1864,6,Sun,11:20,66,25,22
initial,1865,6,Sun,11:25,66,24,21
initial,1866,6,Sun,11:30,66,24,21
initial,1867,6,Sun,11:35,66,23,20
initial,1868,6,Sun,11:40,66,22,19
initial,1869,6,Sun,11:45,66,19,16
initial,1870,6,Sun,11:50,66,19,16
initial,1871,6,Sun,11:55,66,18,15
initial,1872,6,Sun,12:00,66,16,13
initial,1873,6,Sun,12:05,66,16,13
initial,1874,6,Sun,12:10,66,15,12
initial,1875,6,Sun,12:15,66,15,12
initial,1876,6,Sun,12:20,66,13,10
initial,1877,6,Sun,12:25,66,13,10
initial,1878,6,Sun,12:30,66,13,10
initial,1879,6,Sun,12:35,66,13,10
initial,1880,6,Sun,12:40,66,13,10
initial,1881,6,Sun,12:45,66,11,8
initial,1882,6,Sun,12:50,66,11,8
initial,1883,6,Sun,12:55,66,11,8
initial,1884,6,Sun,13:00,66,10,8
initial,1885,6,Sun,13:05,66,10,8
initial,1886,6,Sun,13:10,66,10,8
initial,1887,6,Sun,13:15,66,10,8
initial,1888,6,Sun,13:20,66,10,8
initial,1889,6,Sun,13:25,66,9,7
initial,1890,6,Sun,13:30,66,9,7
initial,1891,6,Sun,13:35,66,10,8
initial,1892,6,Sun,13:40,66,10,8
initial,1893,6,Sun,13:45,66,10,8
initial,1894,6,Sun,13:50,66,10,8
initial,1895,6,Sun,13:55,66,10,8
initial,1896,6,Sun,14:00,66,9,7
initial,1897,6,Sun,14:05,66,9,7
initial,1898,6,Sun,14:10,66,9,7
initial,1899,6,Sun,14:15,66,9,7
initial,1900,6,Sun,14:20,66,9,7
initial,1901,6,Sun,14:25,66,10,8
initial,1902,6,Sun,14:30,66,11,9
initial,1903,6,Sun,14:35,66,11,9
initial,1904,6,Sun,14:40,66,11,9
initial,1905,6,Sun,14:45,66,11,9
initial,1906,6,Sun,14:50,66,11,9
initial,1907,6,Sun,14:55,66,11,9
initial,1908,6,Sun,15:00,66,11,9
initial,1909,6,Sun,15:05,66,11,9
initial,1910,6,Sun,15:10,66,11,9
initial,1911,6,Sun,15:15,66,12,10
initial,1912,6,Sun,15:20,66,12,10
initial,1913,6,Sun,15:25,66,13,11
initial,1914,6,Sun,15:30,66,13,11
initial,1915,6,Sun,15:35,66,14,12
initial,1916,6,Sun,15:40,66,15,13
initial,1917,6,Sun,15:45,66,15,13
initial,1918,6,Sun,15:50,66,15,13
initial,1919,6,Sun,15:55,66,15,13
initial,1920,6,Sun,16:00,66,18,17
initial,1921,6,Sun,16:05,66,18,17
initial,1922,6,Sun,16:10,66,19,18
initial,1923,6,Sun,16:15,66,20,19
initial,1924,6,Sun,16:20,66,20,19
initial,1925,6,Sun,16:25,66,21,20
initial,1926,6,Sun,16:30,66,21,20
initial,1927,6,Sun,16:35,66,21,20
initial,1928,6,Sun,16:40,66,21,21
initial,1929,6,Sun,16:45,66,21,21
initial,1930,6,Sun,16:50,66,21,21
initial,1931,6,Sun,16:55,66,20,20
initial,1932,6,Sun,17:00,66,19,19
initial,1933,6,Sun,17:05,66,19,19
initial,1934,6,Sun,17:10,66,19,19
initial,1935,6,Sun,17:15,66,17,17
initial,1936,6,Sun,17:20,66,17,17
initial,1937,6,Sun,17:25,66,15,15
initial,1938,6,Sun,17:30,66,14,14
initial,1939,6,Sun,17:35,66,14,14
initial,1940,6,Sun,17:40,66,10,10
initial,1941,6,Sun,17:45,66,10,10
initial,1942,6,Sun,17:50,66,9,9
initial,1943,6,Sun,17:55,66,9,9
initial,1944,6,Sun,18:00,66,8,8
initial,1945,6,Sun,18:05,66,8,8
initial,1946,6,Sun,18:10,66,8,8
initial,1947,6,Sun,18:15,66,8,8
initial,1948,6,Sun,18:20,66,8,8
initial,1949,6,Sun,18:25,66,8,8
initial,1950,6,Sun,18:30,66,9,9
initial,1951,6,Sun,18:35,66,9,9
initial,1952,6,Sun,18:40,66,10,10
initial,1953,6,Sun,18:45,66,10,10
initial,1954,6,Sun,18:50,66,9,9
initial,1955,6,Sun,18:55,66,9,9
initial,1956,6,Sun,19:00,66,13,13
initial,1957,6,Sun,19:05,66,13,13
initial,1958,6,Sun,19:10,66,13,13
initial,1959,6,Sun,19:15,66,13,13
initial,1960,6,Sun,19:20,66,14,14
initial,1961,6,Sun,19:25,66,15,15
initial,1962,6,Sun,19:30,66,15,15
initial,1963,6,Sun,19:35,66,17,17
initial,1964,6,Sun,19:40,66,18,18
initial,1965,6,Sun,19:45,66,18,18
initial,1966,6,Sun,19:50,66,19,19
initial,1967,6,Sun,19:55,66,25,25
initial,1968,6,Sun,20:00,66,25,25
initial,1969,6,Sun,20:05,66,29,29
initial,1970,6,Sun,20:10,66,31,31
initial,1971,6,Sun,20:15,66,32,32
initial,1972,6,Sun,20:20,66,34,34
initial,1973,6,Sun,20:25,66,34,34
initial,1974,6,Sun,20:30,66,38,38
initial,1975,6,Sun,20:35,66,40,40
initial,1976,6,Sun,20:40,66,41,41
initial,1977,6,Sun,20:45,66,43,43
initial,1978,6,Sun,20:50,66,45,45
initial,1979,6,Sun,20:55,66,45,45
initial,1980,6,Sun,21:00,66,46,46
initial,1981,6,Sun,21:05,66,46,46
initial,1982,6,Sun,21:10,66,46,46
initial,1983,6,Sun,21:15,66,47,47
initial,1984,6,Sun,21:20,66,47,47
initial,1985,6,Sun,21:25,66,47,47
initial,1986,6,Sun,21:30,66,47,47
initial,1987,6,Sun,21:35,66,47,47
initial,1988,6,Sun,21:40,66,47,47
initial,1989,6,Sun,21:45,66,47,47
initial,1990,6,Sun,21:50,66,47,47
initial,1991,6,Sun,21:55,66,48,48
initial,1992,6,Sun,22:00,66,47,47
initial,1993,6,Sun,22:05,66,45,45
initial,1994,6,Sun,22:10,66,45,45
initial,1995,6,Sun,22:15,66,41,41
initial,1996,6,Sun,22:20,66,39,39
initial,1997,6,Sun,22:25,66,39,39
initial,1998,6,Sun,22:30,66,34,34
initial,1999,6,Sun,22:35,66,32,32
initial,2000,6,Sun,22:40,66,28,28
initial,2001,6,Sun,22:45,66,27,27
initial,2002,6,Sun,22:50,66,23,23
initial,2003,6,Sun,22:55,66,22,22
initial,2004,6,Sun,23:00,66,20,20
initial,2005,6,Sun,23:05,66,20,20
initial,2006,6,Sun,23:10,66,16,16
initial,2007,6,Sun,23:15,66,15,15
initial,2008,6,Sun,23:20,66,12,12
initial,2009,6,Sun,23:25,66,10,10
initial,2010,6,Sun,23:30,66,7,7
initial,2011,6,Sun,23:35,66,7,7
initial,2012,6,Sun,23:40,66,6,6
initial,2013,6,Sun,23:45,66,3,3
initial,2014,6,Sun,23:50,66,1,1
initial,2015,6,Sun,23:55,66,0,0
